#
# There is insufficient memory for the Java Runtime Environment to continue.
# Native memory allocation (mmap) failed to map 16777216 bytes. Error detail: Failed to reserve memory for metaspace
# Possible reasons:
#   The system is out of physical RAM or swap space
#   In 32 bit mode, the process size limit was hit
# Possible solutions:
#   Reduce memory load on the system
#   Increase physical memory or swap space
#   Check if swap backing store is full
#   Use 64 bit Java on a 64 bit OS
#   Decrease Java heap size (-Xmx/-Xms)
#   Decrease number of Java threads
#   Decrease Java thread stack sizes (-Xss)
#   Set larger code cache with -XX:ReservedCodeCacheSize=
# This output file may be truncated or incomplete.
#
#  Out of Memory Error (virtualSpaceNode.cpp:249), pid=1688, tid=13260
#
# JRE version: OpenJDK Runtime Environment Zulu17.62+17-CA (17.0.17+10) (build 17.0.17+10-LTS)
# Java VM: OpenJDK Client VM Zulu17.62+17-CA (17.0.17+10-LTS, mixed mode, emulated-client, serial gc, windows-x86)
# No core dump will be written. Minidumps are not enabled by default on client versions of Windows
#

---------------  S U M M A R Y ------------

Command Line: --add-opens=java.base/java.util=ALL-UNNAMED --add-opens=java.base/java.lang=ALL-UNNAMED --add-opens=java.base/java.lang.invoke=ALL-UNNAMED --add-opens=java.prefs/java.util.prefs=ALL-UNNAMED --add-opens=java.base/java.nio.charset=ALL-UNNAMED --add-opens=java.base/java.net=ALL-UNNAMED --add-opens=java.base/java.util.concurrent.atomic=ALL-UNNAMED -Xmx1536m -Dfile.encoding=windows-1252 -Duser.country=US -Duser.language=en -Duser.variant -javaagent:C:\Users\user\.gradle\wrapper\dists\gradle-8.7-bin\bhs2wmbdwecv87pi65oeuq5iu\gradle-8.7\lib\agents\gradle-instrumentation-agent-8.7.jar org.gradle.launcher.daemon.bootstrap.GradleDaemon 8.7

Host: Intel(R) Core(TM) i7-8665U CPU @ 1.90GHz, 8 cores, 15G,  Windows 11 , 64 bit Build 26100 (10.0.26100.8521)
Time: Sat Jul 18 01:20:40 2026 SE Asia Standard Time elapsed time: 6021.989969 seconds (0d 1h 40m 21s)

---------------  T H R E A D  ---------------

Current thread (0x72e56980):  JavaThread "Daemon worker Thread 8" [_thread_in_vm, id=13260, stack(0x68b60000,0x68bb0000)]

Stack: [0x68b60000,0x68bb0000]
Java frames: (J=compiled Java code, j=interpreted, Vv=VM code)
J 614  java.lang.ClassLoader.defineClass1(Ljava/lang/ClassLoader;Ljava/lang/String;[BIILjava/security/ProtectionDomain;Ljava/lang/String;)Ljava/lang/Class; java.base@17.0.17 (0 bytes) @ 0x0310d957 [0x0310d8a0+0x000000b7]
J 37164 c1 jdk.internal.reflect.MethodAccessorGenerator$1.run()Ljdk/internal/reflect/MagicAccessorImpl; java.base@17.0.17 (41 bytes) @ 0x03c332c0 [0x03c33030+0x00000290]
J 54324 c1 jdk.internal.reflect.MethodAccessorGenerator.generate(Ljava/lang/Class;Ljava/lang/String;[Ljava/lang/Class;Ljava/lang/Class;[Ljava/lang/Class;IZZLjava/lang/Class;)Ljdk/internal/reflect/MagicAccessorImpl; java.base@17.0.17 (762 bytes) @ 0x041a977c [0x041a7ea0+0x000018dc]
J 54338 c1 jdk.internal.reflect.MethodAccessorGenerator.generateMethod(Ljava/lang/Class;Ljava/lang/String;[Ljava/lang/Class;Ljava/lang/Class;[Ljava/lang/Class;I)Ljdk/internal/reflect/MethodAccessor; java.base@17.0.17 (20 bytes) @ 0x0408852c [0x040884b0+0x0000007c]
J 2268 c1 jdk.internal.reflect.NativeMethodAccessorImpl.invoke(Ljava/lang/Object;[Ljava/lang/Object;)Ljava/lang/Object; java.base@17.0.17 (137 bytes) @ 0x03322310 [0x03322130+0x000001e0]
J 1574 c1 jdk.internal.reflect.DelegatingMethodAccessorImpl.invoke(Ljava/lang/Object;[Ljava/lang/Object;)Ljava/lang/Object; java.base@17.0.17 (10 bytes) @ 0x0324ae90 [0x0324ae60+0x00000030]
J 26424 c1 org.gradle.internal.reflect.annotations.impl.DefaultPropertyAnnotationMetadata.getPropertyValue(Ljava/lang/Object;)Ljava/lang/Object; (68 bytes) @ 0x038ea46c [0x038ea300+0x0000016c]
J 26502 c1 org.gradle.internal.properties.bean.DefaultPropertyWalker$1$$Lambda$930+0x71156070.get()Ljava/lang/Object; (12 bytes) @ 0x0492d3b4 [0x0492d330+0x00000084]
J 26501 c1 org.gradle.internal.properties.bean.DefaultPropertyWalker$CachedPropertyValue$$Lambda$932+0x71157388.create()Ljava/lang/Object; (10 bytes) @ 0x0492d6f0 [0x0492d6b0+0x00000040]
J 31136 c1 org.gradle.internal.properties.bean.DefaultPropertyWalker$CachedPropertyValue$$Lambda$931+0x71156440.get()Ljava/lang/Object; (8 bytes) @ 0x031ace8c [0x031acdd0+0x000000bc]
J 27151 c1 com.google.common.base.Suppliers$NonSerializableMemoizingSupplier.get()Ljava/lang/Object; (68 bytes) @ 0x0367f9cc [0x0367f940+0x0000008c]
j  org.gradle.internal.properties.bean.DefaultPropertyWalker$CachedPropertyValue.getTaskDependencies()Lorg/gradle/api/internal/tasks/TaskDependencyContainer;+11
j  org.gradle.api.internal.tasks.DefaultTaskInputs$1.visitInputProperty(Ljava/lang/String;Lorg/gradle/internal/properties/PropertyValue;Z)V+5
J 26539 c1 org.gradle.internal.execution.model.annotations.InputPropertyAnnotationHandler.visitPropertyValue(Ljava/lang/String;Lorg/gradle/internal/properties/PropertyValue;Lorg/gradle/internal/properties/annotations/PropertyMetadata;Lorg/gradle/internal/properties/PropertyVisitor;)V (18 bytes) @ 0x03e687f4 [0x03e68740+0x000000b4]
J 26498 c1 org.gradle.internal.properties.bean.DefaultPropertyWalker$1.visitLeaf(Ljava/lang/Object;Ljava/lang/String;Lorg/gradle/internal/properties/annotations/PropertyMetadata;)V (101 bytes) @ 0x0492de30 [0x0492da20+0x00000410]
J 26440 c1 org.gradle.internal.properties.annotations.AbstractTypeMetadataWalker.lambda$walkChildren$4(Ljava/lang/Object;Ljava/lang/String;Lorg/gradle/internal/properties/annotations/TypeMetadataWalker$TypeMetadataVisitor;Ljava/util/Map;Lorg/gradle/internal/properties/annotations/PropertyMetadata;)V (58 bytes) @ 0x03c6a934 [0x03c6a570+0x000003c4]
J 26517 c1 org.gradle.internal.properties.annotations.AbstractTypeMetadataWalker$$Lambda$929+0x71152e88.accept(Ljava/lang/Object;)V (28 bytes) @ 0x0492b29c [0x0492b1f0+0x000000ac]
J 49419 c1 java.lang.Iterable.forEach(Ljava/util/function/Consumer;)V java.base@17.0.17 (39 bytes) @ 0x0475dc00 [0x0475dba0+0x00000060]
J 31365 c1 org.gradle.internal.properties.annotations.AbstractTypeMetadataWalker.walk(Ljava/lang/Object;Lorg/gradle/internal/properties/annotations/TypeMetadataWalker$TypeMetadataVisitor;)V (64 bytes) @ 0x03faaf88 [0x03faaca0+0x000002e8]
J 31224 c1 org.gradle.api.internal.tasks.TaskPropertyUtils.visitProperties(Lorg/gradle/internal/properties/bean/PropertyWalker;Lorg/gradle/api/internal/TaskInternal;Lorg/gradle/internal/reflect/validation/TypeValidationContext;Lorg/gradle/internal/properties/PropertyVisitor;)V (13 bytes) @ 0x03532c78 [0x03532b80+0x000000f8]
j  org.gradle.api.internal.tasks.TaskPropertyUtils.visitProperties(Lorg/gradle/internal/properties/bean/PropertyWalker;Lorg/gradle/api/internal/TaskInternal;Lorg/gradle/internal/properties/PropertyVisitor;)V+6
j  org.gradle.api.internal.tasks.DefaultTaskInputs.visitDependencies(Lorg/gradle/api/internal/tasks/TaskDependencyResolveContext;)V+17
j  org.gradle.api.internal.tasks.DefaultTaskDependency.visitDependencies(Lorg/gradle/api/internal/tasks/TaskDependencyResolveContext;)V+215
J 55966 c1 org.gradle.api.internal.tasks.CachingTaskDependencyResolveContext$TaskGraphImpl.getNodeValues(Ljava/lang/Object;Ljava/util/Collection;Ljava/util/Collection;)V (172 bytes) @ 0x03552c14 [0x03552690+0x00000584]
J 56046 c1 org.gradle.internal.graph.CachingDirectedGraphWalker.doSearch()Ljava/util/Set; (659 bytes) @ 0x035776ac [0x03577230+0x0000047c]
j  org.gradle.internal.graph.CachingDirectedGraphWalker.findValues()Ljava/util/Set;+1
j  org.gradle.api.internal.tasks.CachingTaskDependencyResolveContext.getDependencies(Lorg/gradle/api/Task;Ljava/lang/Object;)Ljava/util/Set;+40
J 56079 c1 org.gradle.execution.plan.TaskDependencyResolver.resolveDependenciesFor(Lorg/gradle/api/internal/TaskInternal;Ljava/lang/Object;)Ljava/util/Set; (10 bytes) @ 0x04a23334 [0x04a232f0+0x00000044]
j  org.gradle.execution.plan.LocalTaskNode.getDependencies(Lorg/gradle/execution/plan/TaskDependencyResolver;)Ljava/util/Set;+14
j  org.gradle.execution.plan.LocalTaskNode.resolveDependencies(Lorg/gradle/execution/plan/TaskDependencyResolver;)V+20
j  org.gradle.execution.plan.DefaultExecutionPlan.discoverNodeRelationships(Ljava/util/LinkedList;)V+115
j  org.gradle.execution.plan.DefaultExecutionPlan.doAddEntryNodes(Ljava/util/SortedSet;I)V+91
j  org.gradle.execution.plan.DefaultExecutionPlan.addEntryTasks(Ljava/util/Collection;I)V+63
j  org.gradle.execution.plan.DefaultExecutionPlan.addEntryTasks(Ljava/util/Collection;)V+13
j  org.gradle.execution.TaskNameResolvingBuildTaskScheduler.scheduleRequestedTasks(Lorg/gradle/api/internal/GradleInternal;Lorg/gradle/execution/EntryTaskSelector;Lorg/gradle/execution/plan/ExecutionPlan;)V+130
j  org.gradle.execution.DefaultTasksBuildTaskScheduler.scheduleRequestedTasks(Lorg/gradle/api/internal/GradleInternal;Lorg/gradle/execution/EntryTaskSelector;Lorg/gradle/execution/plan/ExecutionPlan;)V+184
j  org.gradle.initialization.DefaultTaskExecutionPreparer.lambda$scheduleRequestedTasks$0(Lorg/gradle/api/internal/GradleInternal;Lorg/gradle/execution/EntryTaskSelector;Lorg/gradle/execution/plan/ExecutionPlan;)V+7
j  org.gradle.initialization.DefaultTaskExecutionPreparer$$Lambda$1244+0x78085338.run()V+16
J 19144 c1 org.gradle.internal.Factories$1.create()Ljava/lang/Object; (11 bytes) @ 0x0486cf18 [0x0486cef0+0x00000028]
j  org.gradle.internal.work.DefaultWorkerLeaseService.withReplacedLocks(Ljava/util/Collection;Lorg/gradle/internal/resources/ResourceLock;Lorg/gradle/internal/Factory;)Ljava/lang/Object;+40
j  org.gradle.api.internal.project.DefaultProjectStateRegistry$DefaultBuildProjectRegistry.withMutableStateOfAllProjects(Lorg/gradle/internal/Factory;)Ljava/lang/Object;+36
j  org.gradle.api.internal.project.DefaultProjectStateRegistry$DefaultBuildProjectRegistry.withMutableStateOfAllProjects(Ljava/lang/Runnable;)V+5
j  org.gradle.initialization.DefaultTaskExecutionPreparer.scheduleRequestedTasks(Lorg/gradle/api/internal/GradleInternal;Lorg/gradle/execution/EntryTaskSelector;Lorg/gradle/execution/plan/ExecutionPlan;)V+20
j  org.gradle.initialization.VintageBuildModelController.lambda$scheduleRequestedTasks$0(Lorg/gradle/execution/EntryTaskSelector;Lorg/gradle/execution/plan/ExecutionPlan;)V+10
j  org.gradle.initialization.VintageBuildModelController$$Lambda$1243+0x78084e80.run()V+12
j  org.gradle.internal.model.StateTransitionController.lambda$inState$1(Ljava/lang/Runnable;)Ljava/lang/Object;+1
j  org.gradle.internal.model.StateTransitionController$$Lambda$287+0x6a3721d0.get()Ljava/lang/Object;+4
j  org.gradle.internal.model.StateTransitionController.lambda$inState$2(Lorg/gradle/internal/model/StateTransitionController$State;Ljava/util/function/Supplier;)Ljava/lang/Object;+11
j  org.gradle.internal.model.StateTransitionController$$Lambda$288+0x6a3725e8.create()Ljava/lang/Object;+12
j  org.gradle.internal.work.DefaultSynchronizer.withLock(Lorg/gradle/internal/Factory;)Ljava/lang/Object;+6
j  org.gradle.internal.model.StateTransitionController.inState(Lorg/gradle/internal/model/StateTransitionController$State;Ljava/util/function/Supplier;)Ljava/lang/Object;+12
j  org.gradle.internal.model.StateTransitionController.inState(Lorg/gradle/internal/model/StateTransitionController$State;Ljava/lang/Runnable;)V+8
j  org.gradle.initialization.VintageBuildModelController.scheduleRequestedTasks(Lorg/gradle/execution/EntryTaskSelector;Lorg/gradle/execution/plan/ExecutionPlan;)V+15
j  org.gradle.internal.build.DefaultBuildLifecycleController$DefaultWorkGraphBuilder.addRequestedTasks(Lorg/gradle/execution/EntryTaskSelector;)V+12
j  org.gradle.internal.buildtree.DefaultBuildTreeWorkPreparer.lambda$scheduleRequestedTasks$0(Lorg/gradle/execution/EntryTaskSelector;Lorg/gradle/internal/build/BuildLifecycleController$WorkGraphBuilder;)V+2
j  org.gradle.internal.buildtree.DefaultBuildTreeWorkPreparer$$Lambda$1238+0x78075890.accept(Ljava/lang/Object;)V+8
j  org.gradle.internal.build.DefaultBuildLifecycleController.lambda$populateWorkGraph$7(Ljava/util/function/Consumer;Lorg/gradle/execution/plan/ExecutionPlan;)V+10
j  org.gradle.internal.build.DefaultBuildLifecycleController$$Lambda$1242+0x78082bf8.accept(Ljava/lang/Object;)V+12
j  org.gradle.internal.build.DefaultBuildWorkPreparer.populateWorkGraph(Lorg/gradle/api/internal/GradleInternal;Lorg/gradle/execution/plan/ExecutionPlan;Ljava/util/function/Consumer;)V+2
j  org.gradle.internal.build.BuildOperationFiringBuildWorkPreparer$PopulateWorkGraph.populateTaskGraph()V+16
j  org.gradle.internal.build.BuildOperationFiringBuildWorkPreparer$PopulateWorkGraph.run(Lorg/gradle/internal/operations/BuildOperationContext;)V+1
J 6815 c1 org.gradle.internal.operations.DefaultBuildOperationRunner$1.execute(Lorg/gradle/internal/operations/BuildOperation;Lorg/gradle/internal/operations/BuildOperationContext;)V (10 bytes) @ 0x03918fa0 [0x03918f30+0x00000070]
J 6137 c1 org.gradle.internal.operations.DefaultBuildOperationRunner$2.execute(Lorg/gradle/internal/operations/BuildOperationDescriptor;Lorg/gradle/internal/operations/BuildOperationState;Lorg/gradle/internal/operations/BuildOperationState;Lorg/gradle/internal/operations/DefaultBuildOperationRunner$ReadableBuildOperationContext;Lorg/gradle/internal/operations/DefaultBuildOperationRunner$BuildOperationExecutionListener;)Lorg/gradle/internal/operations/BuildOperation; (110 bytes) @ 0x0382f560 [0x0382f500+0x00000060]
J 8178 c1 org.gradle.internal.operations.DefaultBuildOperationRunner$2.execute(Lorg/gradle/internal/operations/BuildOperationDescriptor;Lorg/gradle/internal/operations/BuildOperationState;Lorg/gradle/internal/operations/BuildOperationState;Lorg/gradle/internal/operations/DefaultBuildOperationRunner$ReadableBuildOperationContext;Lorg/gradle/internal/operations/DefaultBuildOperationRunner$BuildOperationExecutionListener;)Ljava/lang/Object; (12 bytes) @ 0x03a94c20 [0x03a94be0+0x00000040]
J 8170 c1 org.gradle.internal.operations.DefaultBuildOperationRunner.execute(Lorg/gradle/internal/operations/BuildOperationDescriptor$Builder;Lorg/gradle/internal/operations/BuildOperationState;Lorg/gradle/internal/operations/DefaultBuildOperationRunner$BuildOperationExecution;)Ljava/lang/Object; (147 bytes) @ 0x03a93008 [0x03a92c20+0x000003e8]
J 6339 c1 org.gradle.internal.operations.DefaultBuildOperationRunner.run(Lorg/gradle/internal/operations/RunnableBuildOperation;)V (13 bytes) @ 0x03879e08 [0x03879cd0+0x00000138]
J 6338 c1 org.gradle.internal.operations.DefaultBuildOperationExecutor.run(Lorg/gradle/internal/operations/RunnableBuildOperation;)V (11 bytes) @ 0x03879a88 [0x03879a60+0x00000028]
j  org.gradle.internal.build.BuildOperationFiringBuildWorkPreparer.populateWorkGraph(Lorg/gradle/api/internal/GradleInternal;Lorg/gradle/execution/plan/ExecutionPlan;Ljava/util/function/Consumer;)V+22
j  org.gradle.internal.build.DefaultBuildLifecycleController.lambda$populateWorkGraph$8(Lorg/gradle/internal/build/DefaultBuildLifecycleController$DefaultBuildWorkPlan;Ljava/util/function/Consumer;)V+19
j  org.gradle.internal.build.DefaultBuildLifecycleController$$Lambda$1241+0x78082788.run()V+12
j  org.gradle.internal.model.StateTransitionController.lambda$inState$1(Ljava/lang/Runnable;)Ljava/lang/Object;+1
j  org.gradle.internal.model.StateTransitionController$$Lambda$287+0x6a3721d0.get()Ljava/lang/Object;+4
j  org.gradle.internal.model.StateTransitionController.lambda$inState$2(Lorg/gradle/internal/model/StateTransitionController$State;Ljava/util/function/Supplier;)Ljava/lang/Object;+11
j  org.gradle.internal.model.StateTransitionController$$Lambda$288+0x6a3725e8.create()Ljava/lang/Object;+12
j  org.gradle.internal.work.DefaultSynchronizer.withLock(Lorg/gradle/internal/Factory;)Ljava/lang/Object;+6
j  org.gradle.internal.model.StateTransitionController.inState(Lorg/gradle/internal/model/StateTransitionController$State;Ljava/util/function/Supplier;)Ljava/lang/Object;+12
j  org.gradle.internal.model.StateTransitionController.inState(Lorg/gradle/internal/model/StateTransitionController$State;Ljava/lang/Runnable;)V+8
j  org.gradle.internal.build.DefaultBuildLifecycleController.populateWorkGraph(Lorg/gradle/execution/plan/BuildWorkPlan;Ljava/util/function/Consumer;)V+27
j  org.gradle.internal.build.DefaultBuildWorkGraphController$DefaultBuildWorkGraph.populateWorkGraph(Ljava/util/function/Consumer;)V+26
j  org.gradle.composite.internal.DefaultBuildController.populateWorkGraph(Ljava/util/function/Consumer;)V+12
j  org.gradle.composite.internal.DefaultIncludedBuildTaskGraph$DefaultBuildTreeWorkGraphBuilder.withWorkGraph(Lorg/gradle/internal/build/BuildState;Ljava/util/function/Consumer;)V+6
j  org.gradle.internal.buildtree.DefaultBuildTreeWorkPreparer.lambda$scheduleRequestedTasks$1(Lorg/gradle/execution/EntryTaskSelector;Lorg/gradle/internal/buildtree/BuildTreeWorkGraph$Builder;)V+36
j  org.gradle.internal.buildtree.DefaultBuildTreeWorkPreparer$$Lambda$1237+0x78074a28.accept(Ljava/lang/Object;)V+12
j  org.gradle.composite.internal.DefaultIncludedBuildTaskGraph$DefaultBuildTreeWorkGraph$1.run(Lorg/gradle/internal/operations/BuildOperationContext;)V+40
J 6815 c1 org.gradle.internal.operations.DefaultBuildOperationRunner$1.execute(Lorg/gradle/internal/operations/BuildOperation;Lorg/gradle/internal/operations/BuildOperationContext;)V (10 bytes) @ 0x03918fa0 [0x03918f30+0x00000070]
J 6137 c1 org.gradle.internal.operations.DefaultBuildOperationRunner$2.execute(Lorg/gradle/internal/operations/BuildOperationDescriptor;Lorg/gradle/internal/operations/BuildOperationState;Lorg/gradle/internal/operations/BuildOperationState;Lorg/gradle/internal/operations/DefaultBuildOperationRunner$ReadableBuildOperationContext;Lorg/gradle/internal/operations/DefaultBuildOperationRunner$BuildOperationExecutionListener;)Lorg/gradle/internal/operations/BuildOperation; (110 bytes) @ 0x0382f560 [0x0382f500+0x00000060]
J 8178 c1 org.gradle.internal.operations.DefaultBuildOperationRunner$2.execute(Lorg/gradle/internal/operations/BuildOperationDescriptor;Lorg/gradle/internal/operations/BuildOperationState;Lorg/gradle/internal/operations/BuildOperationState;Lorg/gradle/internal/operations/DefaultBuildOperationRunner$ReadableBuildOperationContext;Lorg/gradle/internal/operations/DefaultBuildOperationRunner$BuildOperationExecutionListener;)Ljava/lang/Object; (12 bytes) @ 0x03a94c20 [0x03a94be0+0x00000040]
J 8170 c1 org.gradle.internal.operations.DefaultBuildOperationRunner.execute(Lorg/gradle/internal/operations/BuildOperationDescriptor$Builder;Lorg/gradle/internal/operations/BuildOperationState;Lorg/gradle/internal/operations/DefaultBuildOperationRunner$BuildOperationExecution;)Ljava/lang/Object; (147 bytes) @ 0x03a93008 [0x03a92c20+0x000003e8]
J 6339 c1 org.gradle.internal.operations.DefaultBuildOperationRunner.run(Lorg/gradle/internal/operations/RunnableBuildOperation;)V (13 bytes) @ 0x03879e08 [0x03879cd0+0x00000138]
J 6338 c1 org.gradle.internal.operations.DefaultBuildOperationExecutor.run(Lorg/gradle/internal/operations/RunnableBuildOperation;)V (11 bytes) @ 0x03879a88 [0x03879a60+0x00000028]
j  org.gradle.composite.internal.DefaultIncludedBuildTaskGraph$DefaultBuildTreeWorkGraph.scheduleWork(Ljava/util/function/Consumer;)Lorg/gradle/internal/buildtree/BuildTreeWorkGraph$FinalizedGraph;+34
j  org.gradle.internal.buildtree.DefaultBuildTreeWorkPreparer.scheduleRequestedTasks(Lorg/gradle/internal/buildtree/BuildTreeWorkGraph;Lorg/gradle/execution/EntryTaskSelector;)Lorg/gradle/internal/buildtree/BuildTreeWorkGraph$FinalizedGraph;+17
j  org.gradle.configurationcache.VintageBuildTreeWorkController$scheduleAndRunRequestedTasks$1.apply(Lorg/gradle/internal/buildtree/BuildTreeWorkGraph;)Lorg/gradle/internal/build/ExecutionResult;+18
j  org.gradle.configurationcache.VintageBuildTreeWorkController$scheduleAndRunRequestedTasks$1.apply(Ljava/lang/Object;)Ljava/lang/Object;+5
j  org.gradle.composite.internal.DefaultIncludedBuildTaskGraph.withNewWorkGraph(Ljava/util/function/Function;)Ljava/lang/Object;+30
j  org.gradle.configurationcache.VintageBuildTreeWorkController.scheduleAndRunRequestedTasks(Lorg/gradle/execution/EntryTaskSelector;)Lorg/gradle/internal/build/ExecutionResult;+16
j  org.gradle.internal.buildtree.DefaultBuildTreeLifecycleController.lambda$scheduleAndRunTasks$1(Lorg/gradle/execution/EntryTaskSelector;)Lorg/gradle/internal/build/ExecutionResult;+5
j  org.gradle.internal.buildtree.DefaultBuildTreeLifecycleController$$Lambda$290+0x6a374878.get()Ljava/lang/Object;+8
j  org.gradle.internal.buildtree.DefaultBuildTreeLifecycleController.lambda$runBuild$4(Ljava/util/function/Supplier;)Ljava/lang/Object;+1
j  org.gradle.internal.buildtree.DefaultBuildTreeLifecycleController$$Lambda$291+0x6a374c70.get()Ljava/lang/Object;+8
j  org.gradle.internal.model.StateTransitionController.lambda$transition$6(Ljava/util/function/Supplier;)Lorg/gradle/internal/build/ExecutionResult;+1
j  org.gradle.internal.model.StateTransitionController$$Lambda$293+0x6a3754e0.get()Ljava/lang/Object;+4
j  org.gradle.internal.model.StateTransitionController.doTransition(Lorg/gradle/internal/model/StateTransitionController$State;Lorg/gradle/internal/model/StateTransitionController$State;Ljava/util/function/Supplier;)Lorg/gradle/internal/build/ExecutionResult;+24
j  org.gradle.internal.model.StateTransitionController.lambda$transition$7(Lorg/gradle/internal/model/StateTransitionController$State;Lorg/gradle/internal/model/StateTransitionController$State;Ljava/util/function/Supplier;)Ljava/lang/Object;+9
j  org.gradle.internal.model.StateTransitionController$$Lambda$292+0x6a3750b8.create()Ljava/lang/Object;+16
j  org.gradle.internal.work.DefaultSynchronizer.withLock(Lorg/gradle/internal/Factory;)Ljava/lang/Object;+6
j  org.gradle.internal.model.StateTransitionController.transition(Lorg/gradle/internal/model/StateTransitionController$State;Lorg/gradle/internal/model/StateTransitionController$State;Ljava/util/function/Supplier;)Ljava/lang/Object;+13
j  org.gradle.internal.buildtree.DefaultBuildTreeLifecycleController.runBuild(Ljava/util/function/Supplier;)Ljava/lang/Object;+17
j  org.gradle.internal.buildtree.DefaultBuildTreeLifecycleController.scheduleAndRunTasks(Lorg/gradle/execution/EntryTaskSelector;)V+8
j  org.gradle.internal.buildtree.DefaultBuildTreeLifecycleController.scheduleAndRunTasks()V+2
j  org.gradle.tooling.internal.provider.ExecuteBuildActionRunner.run(Lorg/gradle/internal/invocation/BuildAction;Lorg/gradle/internal/buildtree/BuildTreeLifecycleController;)Lorg/gradle/internal/buildtree/BuildActionRunner$Result;+12
j  org.gradle.launcher.exec.ChainingBuildActionRunner.run(Lorg/gradle/internal/invocation/BuildAction;Lorg/gradle/internal/buildtree/BuildTreeLifecycleController;)Lorg/gradle/internal/buildtree/BuildActionRunner$Result;+34
j  org.gradle.internal.buildtree.ProblemReportingBuildActionRunner.run(Lorg/gradle/internal/invocation/BuildAction;Lorg/gradle/internal/buildtree/BuildTreeLifecycleController;)Lorg/gradle/internal/buildtree/BuildActionRunner$Result;+12
j  org.gradle.launcher.exec.BuildOutcomeReportingBuildActionRunner.run(Lorg/gradle/internal/invocation/BuildAction;Lorg/gradle/internal/buildtree/BuildTreeLifecycleController;)Lorg/gradle/internal/buildtree/BuildActionRunner$Result;+69
j  org.gradle.tooling.internal.provider.FileSystemWatchingBuildActionRunner.run(Lorg/gradle/internal/invocation/BuildAction;Lorg/gradle/internal/buildtree/BuildTreeLifecycleController;)Lorg/gradle/internal/buildtree/BuildActionRunner$Result;+335
j  org.gradle.launcher.exec.BuildCompletionNotifyingBuildActionRunner.run(Lorg/gradle/internal/invocation/BuildAction;Lorg/gradle/internal/buildtree/BuildTreeLifecycleController;)Lorg/gradle/internal/buildtree/BuildActionRunner$Result;+6
j  org.gradle.launcher.exec.RootBuildLifecycleBuildActionExecutor.lambda$execute$0(Lorg/gradle/internal/invocation/BuildAction;Lorg/gradle/internal/buildtree/BuildTreeLifecycleController;)Lorg/gradle/internal/buildtree/BuildActionRunner$Result;+6
j  org.gradle.launcher.exec.RootBuildLifecycleBuildActionExecutor$$Lambda$261+0x6a326e48.apply(Ljava/lang/Object;)Ljava/lang/Object;+12
j  org.gradle.composite.internal.DefaultRootBuildState.run(Ljava/util/function/Function;)Ljava/lang/Object;+87
j  org.gradle.launcher.exec.RootBuildLifecycleBuildActionExecutor.execute(Lorg/gradle/internal/invocation/BuildAction;Lorg/gradle/internal/buildtree/BuildTreeContext;)Lorg/gradle/internal/buildtree/BuildActionRunner$Result;+28
j  org.gradle.internal.buildtree.InitDeprecationLoggingActionExecutor.execute(Lorg/gradle/internal/invocation/BuildAction;Lorg/gradle/internal/buildtree/BuildTreeContext;)Lorg/gradle/internal/buildtree/BuildActionRunner$Result;+83
j  org.gradle.internal.buildtree.InitProblems.execute(Lorg/gradle/internal/invocation/BuildAction;Lorg/gradle/internal/buildtree/BuildTreeContext;)Lorg/gradle/internal/buildtree/BuildActionRunner$Result;+13
j  org.gradle.internal.buildtree.DefaultBuildTreeContext.execute(Lorg/gradle/internal/invocation/BuildAction;)Lorg/gradle/internal/buildtree/BuildActionRunner$Result;+64
j  org.gradle.launcher.exec.BuildTreeLifecycleBuildActionExecutor.lambda$execute$0(Lorg/gradle/internal/invocation/BuildAction;Lorg/gradle/internal/buildtree/BuildTreeContext;)Lorg/gradle/internal/buildtree/BuildActionRunner$Result;+2
j  org.gradle.launcher.exec.BuildTreeLifecycleBuildActionExecutor$$Lambda$203+0x6a0c1180.apply(Ljava/lang/Object;)Ljava/lang/Object;+8
j  org.gradle.internal.buildtree.BuildTreeState.run(Ljava/util/function/Function;)Ljava/lang/Object;+45
j  org.gradle.launcher.exec.BuildTreeLifecycleBuildActionExecutor.execute(Lorg/gradle/internal/invocation/BuildAction;Lorg/gradle/internal/session/BuildSessionContext;)Lorg/gradle/internal/buildtree/BuildActionRunner$Result;+74
j  org.gradle.launcher.exec.RunAsBuildOperationBuildActionExecutor$3.call(Lorg/gradle/internal/operations/BuildOperationContext;)Lorg/gradle/internal/buildtree/BuildActionRunner$Result;+25
j  org.gradle.launcher.exec.RunAsBuildOperationBuildActionExecutor$3.call(Lorg/gradle/internal/operations/BuildOperationContext;)Ljava/lang/Object;+2
J 6548 c1 org.gradle.internal.operations.DefaultBuildOperationRunner$CallableBuildOperationWorker.execute(Lorg/gradle/internal/operations/BuildOperation;Lorg/gradle/internal/operations/BuildOperationContext;)V (10 bytes) @ 0x038b9ba4 [0x038b9b30+0x00000074]
J 6137 c1 org.gradle.internal.operations.DefaultBuildOperationRunner$2.execute(Lorg/gradle/internal/operations/BuildOperationDescriptor;Lorg/gradle/internal/operations/BuildOperationState;Lorg/gradle/internal/operations/BuildOperationState;Lorg/gradle/internal/operations/DefaultBuildOperationRunner$ReadableBuildOperationContext;Lorg/gradle/internal/operations/DefaultBuildOperationRunner$BuildOperationExecutionListener;)Lorg/gradle/internal/operations/BuildOperation; (110 bytes) @ 0x0382f560 [0x0382f500+0x00000060]
J 8178 c1 org.gradle.internal.operations.DefaultBuildOperationRunner$2.execute(Lorg/gradle/internal/operations/BuildOperationDescriptor;Lorg/gradle/internal/operations/BuildOperationState;Lorg/gradle/internal/operations/BuildOperationState;Lorg/gradle/internal/operations/DefaultBuildOperationRunner$ReadableBuildOperationContext;Lorg/gradle/internal/operations/DefaultBuildOperationRunner$BuildOperationExecutionListener;)Ljava/lang/Object; (12 bytes) @ 0x03a94c20 [0x03a94be0+0x00000040]
J 8170 c1 org.gradle.internal.operations.DefaultBuildOperationRunner.execute(Lorg/gradle/internal/operations/BuildOperationDescriptor$Builder;Lorg/gradle/internal/operations/BuildOperationState;Lorg/gradle/internal/operations/DefaultBuildOperationRunner$BuildOperationExecution;)Ljava/lang/Object; (147 bytes) @ 0x03a93008 [0x03a92c20+0x000003e8]
J 6462 c1 org.gradle.internal.operations.DefaultBuildOperationRunner.call(Lorg/gradle/internal/operations/CallableBuildOperation;)Ljava/lang/Object; (24 bytes) @ 0x038a5258 [0x038a50e0+0x00000178]
J 6461 c1 org.gradle.internal.operations.DefaultBuildOperationExecutor.call(Lorg/gradle/internal/operations/CallableBuildOperation;)Ljava/lang/Object; (11 bytes) @ 0x038a4e88 [0x038a4e60+0x00000028]
j  org.gradle.launcher.exec.RunAsBuildOperationBuildActionExecutor.execute(Lorg/gradle/internal/invocation/BuildAction;Lorg/gradle/internal/session/BuildSessionContext;)Lorg/gradle/internal/buildtree/BuildActionRunner$Result;+23
j  org.gradle.launcher.exec.RunAsWorkerThreadBuildActionExecutor.lambda$execute$0(Lorg/gradle/internal/invocation/BuildAction;Lorg/gradle/internal/session/BuildSessionContext;)Lorg/gradle/internal/buildtree/BuildActionRunner$Result;+6
j  org.gradle.launcher.exec.RunAsWorkerThreadBuildActionExecutor$$Lambda$197+0x6a026548.create()Ljava/lang/Object;+12
J 18229 c1 org.gradle.internal.work.DefaultWorkerLeaseService.withLocks(Ljava/util/Collection;Lorg/gradle/internal/Factory;)Ljava/lang/Object; (53 bytes) @ 0x04735954 [0x04735860+0x000000f4]
J 17661 c1 org.gradle.internal.work.DefaultWorkerLeaseService.runAsWorkerThread(Lorg/gradle/internal/Factory;)Ljava/lang/Object; (37 bytes) @ 0x04682ff4 [0x04682e70+0x00000184]
j  org.gradle.launcher.exec.RunAsWorkerThreadBuildActionExecutor.execute(Lorg/gradle/internal/invocation/BuildAction;Lorg/gradle/internal/session/BuildSessionContext;)Lorg/gradle/internal/buildtree/BuildActionRunner$Result;+12
j  org.gradle.tooling.internal.provider.continuous.ContinuousBuildActionExecutor.execute(Lorg/gradle/internal/invocation/BuildAction;Lorg/gradle/internal/session/BuildSessionContext;)Lorg/gradle/internal/buildtree/BuildActionRunner$Result;+58
j  org.gradle.tooling.internal.provider.SubscribableBuildActionExecutor.execute(Lorg/gradle/internal/invocation/BuildAction;Lorg/gradle/internal/session/BuildSessionContext;)Lorg/gradle/internal/buildtree/BuildActionRunner$Result;+30
j  org.gradle.internal.session.DefaultBuildSessionContext.execute(Lorg/gradle/internal/invocation/BuildAction;)Lorg/gradle/internal/buildtree/BuildActionRunner$Result;+64
j  org.gradle.tooling.internal.provider.BuildSessionLifecycleBuildActionExecuter$ActionImpl.apply(Lorg/gradle/internal/session/BuildSessionContext;)Lorg/gradle/launcher/exec/BuildActionResult;+6
j  org.gradle.tooling.internal.provider.BuildSessionLifecycleBuildActionExecuter$ActionImpl.apply(Ljava/lang/Object;)Ljava/lang/Object;+5
j  org.gradle.internal.session.BuildSessionState.run(Ljava/util/function/Function;)Ljava/lang/Object;+5
j  org.gradle.tooling.internal.provider.BuildSessionLifecycleBuildActionExecuter.execute(Lorg/gradle/internal/invocation/BuildAction;Lorg/gradle/launcher/exec/BuildActionParameters;Lorg/gradle/initialization/BuildRequestContext;)Lorg/gradle/launcher/exec/BuildActionResult;+95
j  org.gradle.tooling.internal.provider.BuildSessionLifecycleBuildActionExecuter.execute(Lorg/gradle/internal/invocation/BuildAction;Ljava/lang/Object;Ljava/lang/Object;)Lorg/gradle/launcher/exec/BuildActionResult;+10
j  org.gradle.tooling.internal.provider.StartParamsValidatingActionExecuter.execute(Lorg/gradle/internal/invocation/BuildAction;Lorg/gradle/launcher/exec/BuildActionParameters;Lorg/gradle/initialization/BuildRequestContext;)Lorg/gradle/launcher/exec/BuildActionResult;+203
j  org.gradle.tooling.internal.provider.StartParamsValidatingActionExecuter.execute(Lorg/gradle/internal/invocation/BuildAction;Ljava/lang/Object;Ljava/lang/Object;)Lorg/gradle/launcher/exec/BuildActionResult;+10
j  org.gradle.tooling.internal.provider.SessionFailureReportingActionExecuter.execute(Lorg/gradle/internal/invocation/BuildAction;Lorg/gradle/launcher/exec/BuildActionParameters;Lorg/gradle/initialization/BuildRequestContext;)Lorg/gradle/launcher/exec/BuildActionResult;+7
j  org.gradle.tooling.internal.provider.SessionFailureReportingActionExecuter.execute(Lorg/gradle/internal/invocation/BuildAction;Ljava/lang/Object;Ljava/lang/Object;)Lorg/gradle/launcher/exec/BuildActionResult;+10
j  org.gradle.tooling.internal.provider.SetupLoggingActionExecuter.execute(Lorg/gradle/internal/invocation/BuildAction;Lorg/gradle/launcher/exec/BuildActionParameters;Lorg/gradle/initialization/BuildRequestContext;)Lorg/gradle/launcher/exec/BuildActionResult;+50
j  org.gradle.tooling.internal.provider.SetupLoggingActionExecuter.execute(Lorg/gradle/internal/invocation/BuildAction;Ljava/lang/Object;Ljava/lang/Object;)Lorg/gradle/launcher/exec/BuildActionResult;+10
j  org.gradle.launcher.daemon.server.exec.ExecuteBuild.doBuild(Lorg/gradle/launcher/daemon/server/api/DaemonCommandExecution;Lorg/gradle/launcher/daemon/protocol/Build;)V+117
j  org.gradle.launcher.daemon.server.exec.BuildCommandOnly.execute(Lorg/gradle/launcher/daemon/server/api/DaemonCommandExecution;)V+49
j  org.gradle.launcher.daemon.server.api.DaemonCommandExecution.proceed()Z+23
j  org.gradle.launcher.daemon.server.exec.WatchForDisconnection.execute(Lorg/gradle/launcher/daemon/server/api/DaemonCommandExecution;)V+19
j  org.gradle.launcher.daemon.server.api.DaemonCommandExecution.proceed()Z+23
j  org.gradle.launcher.daemon.server.exec.ResetDeprecationLogger.execute(Lorg/gradle/launcher/daemon/server/api/DaemonCommandExecution;)V+7
j  org.gradle.launcher.daemon.server.api.DaemonCommandExecution.proceed()Z+23
j  org.gradle.launcher.daemon.server.exec.RequestStopIfSingleUsedDaemon.execute(Lorg/gradle/launcher/daemon/server/api/DaemonCommandExecution;)V+33
j  org.gradle.launcher.daemon.server.api.DaemonCommandExecution.proceed()Z+23
j  org.gradle.launcher.daemon.server.exec.ForwardClientInput$2.create()Ljava/lang/Void;+4
j  org.gradle.launcher.daemon.server.exec.ForwardClientInput$2.create()Ljava/lang/Object;+1
j  org.gradle.util.internal.Swapper.swap(Ljava/lang/Object;Lorg/gradle/internal/Factory;)Ljava/lang/Object;+21
j  org.gradle.launcher.daemon.server.exec.ForwardClientInput.execute(Lorg/gradle/launcher/daemon/server/api/DaemonCommandExecution;)V+63
j  org.gradle.launcher.daemon.server.api.DaemonCommandExecution.proceed()Z+23
j  org.gradle.launcher.daemon.server.exec.LogAndCheckHealth.execute(Lorg/gradle/launcher/daemon/server/api/DaemonCommandExecution;)V+51
j  org.gradle.launcher.daemon.server.api.DaemonCommandExecution.proceed()Z+23
j  org.gradle.launcher.daemon.server.exec.LogToClient.doBuild(Lorg/gradle/launcher/daemon/server/api/DaemonCommandExecution;Lorg/gradle/launcher/daemon/protocol/Build;)V+87
j  org.gradle.launcher.daemon.server.exec.BuildCommandOnly.execute(Lorg/gradle/launcher/daemon/server/api/DaemonCommandExecution;)V+49
j  org.gradle.launcher.daemon.server.api.DaemonCommandExecution.proceed()Z+23
j  org.gradle.launcher.daemon.server.exec.EstablishBuildEnvironment.doBuild(Lorg/gradle/launcher/daemon/server/api/DaemonCommandExecution;Lorg/gradle/launcher/daemon/protocol/Build;)V+356
j  org.gradle.launcher.daemon.server.exec.BuildCommandOnly.execute(Lorg/gradle/launcher/daemon/server/api/DaemonCommandExecution;)V+49
j  org.gradle.launcher.daemon.server.api.DaemonCommandExecution.proceed()Z+23
j  org.gradle.launcher.daemon.server.exec.StartBuildOrRespondWithBusy$1.run()V+44
j  org.gradle.launcher.daemon.server.DaemonStateCoordinator$1.run()V+4
J 16103 c1 org.gradle.internal.concurrent.AbstractManagedExecutor$1.run()V (57 bytes) @ 0x0448e428 [0x0448e3a0+0x00000088]
J 17493 c1 java.util.concurrent.ThreadPoolExecutor.runWorker(Ljava/util/concurrent/ThreadPoolExecutor$Worker;)V java.base@17.0.17 (187 bytes) @ 0x046496f8 [0x046494b0+0x00000248]
J 18406 c1 java.util.concurrent.ThreadPoolExecutor$Worker.run()V java.base@17.0.17 (9 bytes) @ 0x0476df0c [0x0476dee0+0x0000002c]
J 18386 c1 java.lang.Thread.run()V java.base@17.0.17 (17 bytes) @ 0x04768954 [0x04768920+0x00000034]
v  ~StubRoutines::call_stub

Compiled method (n/a) 6021996  614     n       java.lang.ClassLoader::defineClass1 (native)
 total in heap  [0x0310d788,0x0310da90] = 776
 relocation     [0x0310d870,0x0310d898] = 40
 main code      [0x0310d8a0,0x0310da90] = 496

[Constant Pool (empty)]

[MachCode]
[Entry Point]
  # {method} {0x6501b99c} 'defineClass1' '(Ljava/lang/ClassLoader;Ljava/lang/String;[BIILjava/security/ProtectionDomain;Ljava/lang/String;)Ljava/lang/Class;' in 'java/lang/ClassLoader'
  # parm0:    ecx       = 'java/lang/ClassLoader'
  # parm1:    edx       = 'java/lang/String'
  # parm2:    [sp+0x40]   = '[B'  (sp of caller)
  # parm3:    [sp+0x44]   = int
  # parm4:    [sp+0x48]   = int
  # parm5:    [sp+0x4c]   = 'java/security/ProtectionDomain'
  # parm6:    [sp+0x50]   = 'java/lang/String'
  0x0310d8a0: 3b41 040f | 8407 0000 

  0x0310d8a8: ;   {runtime_call ic_miss_stub}
  0x0310d8a8: 00e9 222f | f2ff 6690 
[Verified Entry Point]
  0x0310d8b0: 8984 2400 | c0ff ff55 | 8bec 83ec | 3864 8b3c | 2500 0000 | 008b 7ff4 | 894c 2424 | 33c0 83f9 
  0x0310d8d0: 000f 8404 | 0000 008d | 4424 2489 | 4424 0889 | 5424 2833 | c083 fa00 | 0f84 0400 | 0000 8d44 
  0x0310d8f0: 2428 8944 | 240c 33c0 | 817d 0800 | 0000 000f | 8403 0000 | 008d 4508 | 8944 2410 | 8b45 0c89 
  0x0310d910: 4424 148b | 4510 8944 | 2418 33c0 | 817d 1400 | 0000 000f | 8403 0000 | 008d 4514 | 8944 241c 
  0x0310d930: 33c0 817d | 1800 0000 | 000f 8403 | 0000 008d | 4518 8944 

  0x0310d944: ;   {oop(a 'java/lang/Class'{0x250d9710} = 'java/lang/ClassLoader')}
  0x0310d944: 2420 be10 | 970d 2589 | 7424 2c8d | 7424 2c89 | 7424 04c5 

  0x0310d958: ;   {internal_word}
  0x0310d958: f877 c787 | f401 0000 | 57d9 1003 | 89a7 f001 

  0x0310d968: ;   {external_word}
  0x0310d968: 0000 803d | 0795 b86b | 000f 840f 

  0x0310d974: ;   {metadata({method} {0x6501b99c} 'defineClass1' '(Ljava/lang/ClassLoader;Ljava/lang/String;[BIILjava/security/ProtectionDomain;Ljava/lang/String;)Ljava/lang/Class;' in 'java/lang/ClassLoader')}
  0x0310d974: 0000 00b8 | 98b9 0165 

  0x0310d97c: ;   {runtime_call}
  0x0310d97c: 5057 e89d | 2a88 6883 | c408 8d97 | 0002 0000 | 8914 24c7 | 8748 0200 | 0004 0000 

  0x0310d998: ;   {runtime_call}
  0x0310d998: 00e8 c03c | e16c c5f8 | 77c7 8748 | 0200 0005 | 0000 00f0 | 8344 24c0 | 003b af4c | 0200 000f 
  0x0310d9b8: 8710 0000 | 0081 bf3c | 0200 0000 | 0000 000f | 8412 0000 | 00c5 f877 | 8945 fc57 

  0x0310d9d4: ;   {runtime_call}
  0x0310d9d4: e807 e091 | 6883 c404 | 8b45 fcc7 | 8748 0200 | 0008 0000 | 0081 bf6c | 0200 0002 | 0000 000f 
  0x0310d9f4: 8478 0000 

  0x0310d9f8: ;   {external_word}
  0x0310d9f8: 0080 3d07 | 95b8 6b00 | 0f84 1500 | 0000 8945 

  0x0310da08: ;   {metadata({method} {0x6501b99c} 'defineClass1' '(Ljava/lang/ClassLoader;Ljava/lang/String;[BIILjava/security/ProtectionDomain;Ljava/lang/String;)Ljava/lang/Class;' in 'java/lang/ClassLoader')}
  0x0310da08: fcb8 98b9 | 0165 5057 

  0x0310da10: ;   {runtime_call}
  0x0310da10: e80b 2a88 | 6883 c408 | 8b45 fcc7 | 87f0 0100 | 0000 0000 | 00c7 87f4 | 0100 0000 | 0000 00c5 
  0x0310da30: f877 85c0 | 0f84 1600 | 0000 f7c0 | 0100 0000 | 0f84 0800 | 0000 8b40 | ffe9 0200 | 0000 8b00 
  0x0310da50: 8b8f b800 | 0000 c781 | 8000 0000 | 0000 0000 | 817f 0400 | 0000 000f | 8517 0000 | 008b e55d 
  0x0310da70: c3c5 f877 

  0x0310da74: ;   {runtime_call}
  0x0310da74: 8945 fce8 | b451 8868 | 8b45 fce9 | 75ff ffff | 0f77 8be5 

  0x0310da88: ;   {runtime_call StubRoutines (1)}
  0x0310da88: 5de9 822e | eeff f4f4 
[/MachCode]


Compiled method (c1) 6022029 37164   !         jdk.internal.reflect.MethodAccessorGenerator$1::run (41 bytes)
 total in heap  [0x03c32e88,0x03c33a0c] = 2948
 relocation     [0x03c32f70,0x03c33024] = 180
 main code      [0x03c33030,0x03c33450] = 1056
 stub code      [0x03c33450,0x03c334d0] = 128
 metadata       [0x03c334d0,0x03c33518] = 72
 scopes data    [0x03c33518,0x03c336bc] = 420
 scopes pcs     [0x03c336bc,0x03c3382c] = 368
 dependencies   [0x03c3382c,0x03c33838] = 12
 handler table  [0x03c33838,0x03c339d0] = 408
 nul chk table  [0x03c339d0,0x03c33a0c] = 60

[Constant Pool (empty)]

[MachCode]
[Entry Point]
  # {method} {0x657f4a04} 'run' '()Ljdk/internal/reflect/MagicAccessorImpl;' in 'jdk/internal/reflect/MethodAccessorGenerator$1'
  #           [sp+0xc0]  (sp of caller)
  0x03c33030: 0f1f 8000 | 0000 003b 

  0x03c33038: ;   {runtime_call ic_miss_stub}
  0x03c33038: 4104 0f85 | 90d7 3fff 
[Verified Entry Point]
  0x03c33040: 8984 2400 | c0ff ff55 | 81ec b800 | 0000 be28 | 4d7f 658b | 7e1c 4f89 | 7e1c 83ff | 000f 8e31 
  0x03c33060: 0300 008b | 7108 89b4 | 2494 0000 | 008b 790c | 89bc 2498 | 0000 008b | 5f08 899c | 249c 0000 
  0x03c33080: 008b 4110 

  0x03c33084: ; implicit exception: dispatches to 0x03c333a5
  0x03c33084: 8b40 2889 | 8424 9000 | 0000 83f8 | 000f 84fb 

  0x03c33094: ;   {oop(a 'java/lang/Class'{0x250d9780} = 'java/lang/System')}
  0x03c33094: 0000 00ba | 8097 0d25 | 8b52 6c83 | fa00 0f84 | e300 0000 

  0x03c330a8: ;   {static_call}
  0x03c330a8: 6666 90e8 

  0x03c330ac: ; ImmutableOopMap {[152]=Oop [148]=Oop [144]=Oop }
              ;*invokestatic getCallerClass {reexecute=0 rethrow=0 return_oop=0}
              ; - java.lang.Class::getClassLoader@20 (line 903)
              ; - jdk.internal.reflect.MethodAccessorGenerator$1::run@18 (line 405)
  0x03c330ac: e0dd 3fff 

  0x03c330b0: ;   {oop(a 'java/lang/Class'{0x250d9780} = 'java/lang/System')}
  0x03c330b0: b980 970d | 258b 496c | 83f9 000f | 84c3 0000 | 0083 f800 | 0f85 0a00 

  0x03c330c8: ;   {oop(NULL)}
  0x03c330c8: 0000 be00 | 0000 00e9 | 0300 0000 

  0x03c330d4: ; implicit exception: dispatches to 0x03c333aa
  0x03c330d4: 8b70 283b | b424 9000 | 0000 0f85 | 1100 0000 | be00 0000 | 008b 8424 | 9000 0000 | e978 0000 
  0x03c330f4: 0083 fe00 | 0f85 1100 | 0000 be00 | 0000 008b | 8424 9000 | 0000 e95e | 0000 008b | 8424 9000 
  0x03c33114: 0000 3b00 | 8bf8 e91d | 0000 0090 | 648b 1c25 | 0000 0000 | 8b5b f48b | 9b50 0200 

  0x03c33130: ; ImmutableOopMap {[152]=Oop [148]=Oop ecx=Oop eax=Oop [144]=Oop esi=Oop edi=Oop }
              ;*ifnonnull {reexecute=1 rethrow=0 return_oop=0}
              ; - (reexecute) java.lang.ClassLoader::isAncestor@15 (line 2017)
              ; - java.lang.ClassLoader::needsClassLoaderPermissionCheck@15 (line 2035)
              ; - java.lang.ClassLoader::checkClassLoaderPermission@15 (line 2059)
              ; - java.lang.Class::getClassLoader@23 (line 903)
              ; - jdk.internal.reflect.MethodAccessorGenerator$1::run@18 (line 405)
              ;   {poll}
  0x03c33130: 0085 0383 | ff00 0f84 | 0c00 0000 

  0x03c3313c: ; implicit exception: dispatches to 0x03c333b4
  0x03c3313c: 8b7f 103b | f775 dde9 | 0a00 0000 | be00 0000 | 00e9 0500 | 0000 be01 | 0000 0083 | fe00 be00 
  0x03c3315c: 0000 000f | 8505 0000 | 00be 0100 | 0000 83e6 | 0183 fe00 | 0f84 0e00 | 0000 3b01 

  0x03c33178: ;   {oop(a 'java/lang/RuntimePermission'{0x25ec4b68})}
  0x03c33178: b968 4bec 

  0x03c3317c: ;   {static_call}
  0x03c3317c: 2566 90e8 

  0x03c33180: ; ImmutableOopMap {[152]=Oop [148]=Oop [144]=Oop }
              ;*invokestatic checkPermission {reexecute=0 rethrow=0 return_oop=0}
              ; - java.lang.SecurityManager::checkPermission@1 (line 416)
              ; - java.lang.ClassLoader::checkClassLoaderPermission@25 (line 2060)
              ; - java.lang.Class::getClassLoader@23 (line 903)
              ; - jdk.internal.reflect.MethodAccessorGenerator$1::run@18 (line 405)
  0x03c33180: 0cdd 3fff | 8b84 2490 | 0000 008b | d8e9 0500 

  0x03c33190: ;   {oop(NULL)}
  0x03c33190: 0000 bb00 

  0x03c33194: ;   {metadata('jdk/internal/reflect/ClassDefiner$1')}
  0x03c33194: 0000 00ba | e855 7f65 | 648b 0c25 | 0000 0000 | 8b49 f48b | 81d0 0000 | 008d 7810 | 3bb9 d800 
  0x03c331b4: 0000 0f87 | 0202 0000 | 89b9 d000 | 0000 c700 | 0100 0000 | 8950 0433 | c989 4808 | 8948 0c89 
  0x03c331d4: 5808 8bf0 | c1ee 09c6 | 8600 808b | 0200 8984 | 24a0 0000 

  0x03c331e8: ;   {static_call}
  0x03c331e8: 0066 90e8 

  0x03c331ec: ; ImmutableOopMap {[148]=Oop [152]=Oop [160]=Oop }
              ;*invokestatic getCallerClass {reexecute=0 rethrow=0 return_oop=0}
              ; - java.security.AccessController::doPrivileged@2 (line 318)
              ; - jdk.internal.reflect.ClassDefiner::defineClass@9 (line 60)
              ; - jdk.internal.reflect.MethodAccessorGenerator$1::run@21 (line 401)
  0x03c331ec: 40a0 4aff 

  0x03c331f0: ;   {metadata('jdk/internal/reflect/DelegatingClassLoader')}
  0x03c331f0: ba88 aa05 | 6589 8424 | ac00 0000 | 648b 0c25 | 0000 0000 | 8b49 f48b | 81d0 0000 | 008d 7848 
  0x03c33210: 3bb9 d800 | 0000 0f87 | ae01 0000 | 89b9 d000 | 0000 c700 | 0100 0000 | 8950 0433 | c9bf 0800 
  0x03c33230: 0000 894c | f804 890c | f84f 75f6 | 8b8c 24a0 | 0000 008b 

  0x03c33244: ;   {oop(NULL)}
  0x03c33244: 7108 b900 | 0000 0089 | 8424 a800 | 0000 89b4 | 24a4 0000 

  0x03c33258: ;   {static_call}
  0x03c33258: 0066 90e8 

  0x03c3325c: ; ImmutableOopMap {[148]=Oop [152]=Oop [172]=Oop [168]=Oop [164]=Oop }
              ;*invokestatic checkCreateClassLoader {reexecute=0 rethrow=0 return_oop=0}
              ; - java.lang.ClassLoader::checkCreateClassLoader@1 (line 360)
              ; - java.lang.ClassLoader::<init>@1 (line 461)
              ; - jdk.internal.reflect.DelegatingClassLoader::<init>@2 (line 75)
              ; - jdk.internal.reflect.ClassDefiner$1::run@8 (line 63)
              ; - jdk.internal.reflect.ClassDefiner$1::run@1 (line 61)
              ; - java.security.AccessController::executePrivileged@29 (line 776)
              ; - java.security.AccessController::doPrivileged@5 (line 318)
              ; - jdk.internal.reflect.ClassDefiner::defineClass@9 (line 60)
              ; - jdk.internal.reflect.MethodAccessorGenerator$1::run@21 (line 401)
  0x03c3325c: 20e3 ffff | 8bd0 c704 | 2400 0000 | 008b b424 | a400 0000 | 8974 2404 | 8b8c 24a8 

  0x03c33278: ;   {optimized virtual_call}
  0x03c33278: 0000 00e8 

  0x03c3327c: ; ImmutableOopMap {[148]=Oop [152]=Oop [172]=Oop [168]=Oop }
              ;*invokespecial <init> {reexecute=0 rethrow=0 return_oop=0}
              ; - java.lang.ClassLoader::<init>@6 (line 461)
              ; - jdk.internal.reflect.DelegatingClassLoader::<init>@2 (line 75)
              ; - jdk.internal.reflect.ClassDefiner$1::run@8 (line 63)
              ; - jdk.internal.reflect.ClassDefiner$1::run@1 (line 61)
              ; - java.security.AccessController::executePrivileged@29 (line 776)
              ; - java.security.AccessController::doPrivileged@5 (line 318)
              ; - jdk.internal.reflect.ClassDefiner::defineClass@9 (line 60)
              ; - jdk.internal.reflect.MethodAccessorGenerator$1::run@21 (line 401)
  0x03c3327c: 6092 c3ff | 8b8c 24a8 | 0000 008b | 9424 9400 | 0000 8bbc | 2498 0000 | 0089 3c24 | c744 2404 
  0x03c3329c: 0000 0000 | 8b9c 249c | 0000 0089 | 5c24 08c7 | 4424 0c00 

  0x03c332b0: ;   {oop("__ClassDefiner__"{0x25dbe8a0})}
  0x03c332b0: 0000 00c7 | 4424 10a0 

  0x03c332b8: ;   {static_call}
  0x03c332b8: e8db 25e8 

  0x03c332bc: ; ImmutableOopMap {}
              ;*invokestatic defineClass1 {reexecute=0 rethrow=0 return_oop=0}
              ; - java.lang.System$2::defineClass@10 (line 2320)
              ; - jdk.internal.reflect.ClassDefiner::defineClass@27 (line 66)
              ; - jdk.internal.reflect.MethodAccessorGenerator$1::run@21 (line 401)
  0x03c332bc: f0a5 4dff 

  0x03c332c0: ; implicit exception: dispatches to 0x03c333d6
  0x03c332c0: 3b00 8bc8 

  0x03c332c4: ;   {optimized virtual_call}
  0x03c332c4: 6666 90e8 

  0x03c332c8: ; ImmutableOopMap {}
              ;*invokevirtual newInstance {reexecute=0 rethrow=0 return_oop=0}
              ; - jdk.internal.reflect.MethodAccessorGenerator$1::run@24 (line 405)
  0x03c332c8: e4e7 ffff | 83f8 000f | 8415 0000 | 008b 5004 

  0x03c332d8: ;   {metadata('jdk/internal/reflect/MagicAccessorImpl')}
  0x03c332d8: 817a 2450 | 9d05 650f | 85f6 0000 | 00e9 0000 | 0000 81c4 | b800 0000 | 5d64 8b1c | 2500 0000 
  0x03c332f8: 008b 5bf4 

  0x03c332fc: ;   {poll_return}
  0x03c332fc: 3ba3 4c02 | 0000 0f87 | db00 0000 | c364 8b14 | 2500 0000 | 008b 52f4 | 8b82 8002 | 0000 c782 
  0x03c3331c: 8002 0000 | 0000 0000 | c782 8402 | 0000 0000 | 0000 8bd8 

  0x03c33330: ;   {metadata('java/lang/InternalError')}
  0x03c33330: ba58 0a03 | 6564 8b0c | 2500 0000 | 008b 49f4 | 8b81 d000 | 0000 8d78 | 283b b9d8 | 0000 000f 
  0x03c33350: 87ad 0000 | 0089 b9d0 | 0000 00c7 | 0001 0000 | 0089 5004 | 33c9 bf04 | 0000 0089 | 4cf8 0489 
  0x03c33370: 0cf8 4f75 | f68b d38b | c889 8424 | b000 0000 

  0x03c33380: ;   {optimized virtual_call}
  0x03c33380: 6666 90e8 

  0x03c33384: ; ImmutableOopMap {[176]=Oop }
              ;*invokespecial <init> {reexecute=0 rethrow=0 return_oop=0}
              ; - jdk.internal.reflect.MethodAccessorGenerator$1::run@37 (line 407)
  0x03c33384: 88d6 3fff | 8b84 24b0 | 0000 00e9 | a100 0000 | c704 242c 

  0x03c33398: ;   {runtime_call deoptimize Runtime1 stub}
  0x03c33398: ffff ffe8 

  0x03c3339c: ; ImmutableOopMap {ecx=Oop }
              ;*aload_0 {reexecute=0 rethrow=0 return_oop=0}
              ; - jdk.internal.reflect.MethodAccessorGenerator$1::run@0 (line 399)
  0x03c3339c: 30ef 3dff 

  0x03c333a0: ;   {runtime_call throw_null_pointer_exception Runtime1 stub}
  0x03c333a0: e83b 063e 

  0x03c333a4: ; ImmutableOopMap {ecx=Oop esi=Oop [148]=Oop edi=Oop [152]=Oop }
              ;*arraylength {reexecute=0 rethrow=0 return_oop=0}
              ; - jdk.internal.reflect.MethodAccessorGenerator$1::run@13 (line 399)
              ;   {runtime_call throw_null_pointer_exception Runtime1 stub}
  0x03c333a4: ffe8 3606 

  0x03c333a8: ; ImmutableOopMap {esi=Oop [148]=Oop edi=Oop [152]=Oop }
              ;*invokevirtual getClassLoader {reexecute=0 rethrow=0 return_oop=0}
              ; - jdk.internal.reflect.MethodAccessorGenerator$1::run@18 (line 405)
              ;   {runtime_call throw_null_pointer_exception Runtime1 stub}
  0x03c333a8: 3eff e831 

  0x03c333ac: ; ImmutableOopMap {[152]=Oop [148]=Oop [144]=Oop ecx=Oop }
              ;*invokevirtual getClassLoader0 {reexecute=0 rethrow=0 return_oop=0}
              ; - java.lang.ClassLoader::getClassLoader@7 (line 2045)
              ; - java.lang.ClassLoader::checkClassLoaderPermission@9 (line 2058)
              ; - java.lang.Class::getClassLoader@23 (line 903)
              ; - jdk.internal.reflect.MethodAccessorGenerator$1::run@18 (line 405)
              ;   {runtime_call throw_null_pointer_exception Runtime1 stub}
  0x03c333ac: 063e ffe8 

  0x03c333b0: ; ImmutableOopMap {[152]=Oop [148]=Oop ecx=Oop eax=Oop [144]=Oop esi=Oop }
              ;*invokevirtual isAncestor {reexecute=0 rethrow=0 return_oop=0}
              ; - java.lang.ClassLoader::needsClassLoaderPermissionCheck@15 (line 2035)
              ; - java.lang.ClassLoader::checkClassLoaderPermission@15 (line 2059)
              ; - java.lang.Class::getClassLoader@23 (line 903)
              ; - jdk.internal.reflect.MethodAccessorGenerator$1::run@18 (line 405)
  0x03c333b0: 2c06 3eff 

  0x03c333b4: ;   {runtime_call throw_null_pointer_exception Runtime1 stub}
  0x03c333b4: e827 063e 

  0x03c333b8: ; ImmutableOopMap {[152]=Oop [148]=Oop ecx=Oop eax=Oop [144]=Oop esi=Oop }
              ;*getfield parent {reexecute=1 rethrow=0 return_oop=0}
              ; - (reexecute) java.lang.ClassLoader::isAncestor@3 (line 2013)
              ; - java.lang.ClassLoader::needsClassLoaderPermissionCheck@15 (line 2035)
              ; - java.lang.ClassLoader::checkClassLoaderPermission@15 (line 2059)
              ; - java.lang.Class::getClassLoader@23 (line 903)
              ; - jdk.internal.reflect.MethodAccessorGenerator$1::run@18 (line 405)
              ;   {runtime_call throw_null_pointer_exception Runtime1 stub}
  0x03c333b8: ffe8 2206 

  0x03c333bc: ; ImmutableOopMap {[152]=Oop [148]=Oop [144]=Oop }
              ;*invokevirtual checkPermission {reexecute=0 rethrow=0 return_oop=0}
              ; - java.lang.ClassLoader::checkClassLoaderPermission@25 (line 2060)
              ; - java.lang.Class::getClassLoader@23 (line 903)
              ; - jdk.internal.reflect.MethodAccessorGenerator$1::run@18 (line 405)
  0x03c333bc: 3eff 8bd2 

  0x03c333c0: ;   {runtime_call fast_new_instance Runtime1 stub}
  0x03c333c0: e84b 023e 

  0x03c333c4: ; ImmutableOopMap {ebx=Oop [148]=Oop [152]=Oop }
              ;*new {reexecute=0 rethrow=0 return_oop=0}
              ; - jdk.internal.reflect.ClassDefiner::defineClass@0 (line 60)
              ; - jdk.internal.reflect.MethodAccessorGenerator$1::run@21 (line 401)
  0x03c333c4: ffe9 09fe | ffff 8bd2 

  0x03c333cc: ;   {runtime_call fast_new_instance Runtime1 stub}
  0x03c333cc: e83f 023e 

  0x03c333d0: ; ImmutableOopMap {[148]=Oop [152]=Oop [160]=Oop [172]=Oop }
              ;*new {reexecute=0 rethrow=0 return_oop=0}
              ; - jdk.internal.reflect.ClassDefiner$1::run@0 (line 63)
              ; - jdk.internal.reflect.ClassDefiner$1::run@1 (line 61)
              ; - java.security.AccessController::executePrivileged@29 (line 776)
              ; - java.security.AccessController::doPrivileged@5 (line 318)
              ; - jdk.internal.reflect.ClassDefiner::defineClass@9 (line 60)
              ; - jdk.internal.reflect.MethodAccessorGenerator$1::run@21 (line 401)
  0x03c333d0: ffe9 66fe 

  0x03c333d4: ;   {runtime_call throw_null_pointer_exception Runtime1 stub}
  0x03c333d4: ffff e805 

  0x03c333d8: ; ImmutableOopMap {eax=Oop }
              ;*invokevirtual newInstance {reexecute=0 rethrow=0 return_oop=0}
              ; - jdk.internal.reflect.MethodAccessorGenerator$1::run@24 (line 405)
  0x03c333d8: 063e ff89 

  0x03c333dc: ;   {runtime_call throw_class_cast_exception Runtime1 stub}
  0x03c333dc: 0424 e8bd 

  0x03c333e0: ; ImmutableOopMap {}
              ;*checkcast {reexecute=0 rethrow=0 return_oop=0}
              ; - jdk.internal.reflect.MethodAccessorGenerator$1::run@27 (line 405)
  0x03c333e0: f63d ff51 

  0x03c333e4: ;   {internal_word}
  0x03c333e4: 52b9 fc32 | c303 648b | 1425 0000 | 0000 8b52 | f489 8a58 | 0200 005a 

  0x03c333fc: ;   {runtime_call SafepointBlob}
  0x03c333fc: 59e9 9e24 | 40ff 8bd2 

  0x03c33404: ;   {runtime_call fast_new_instance Runtime1 stub}
  0x03c33404: e807 023e 

  0x03c33408: ; ImmutableOopMap {ebx=Oop }
              ;*new {reexecute=0 rethrow=0 return_oop=0}
              ; - jdk.internal.reflect.MethodAccessorGenerator$1::run@32 (line 407)
  0x03c33408: ffe9 67ff | ffff 9090 | 648b 3425 | 0000 0000 | 8b76 f48b | 8680 0200 | 00c7 8680 | 0200 0000 
  0x03c33428: 0000 00c7 | 8684 0200 | 0000 0000 | 0081 c4b8 | 0000 005d 

  0x03c3343c: ;   {runtime_call unwind_exception Runtime1 stub}
  0x03c3343c: e9cf 0b3e | fff4 f4f4 | f4f4 f4f4 | f4f4 f4f4 | f4f4 f4f4 
[Stub Code]
  0x03c33450: ;   {no_reloc}
  0x03c33450: 6690 bb00 

  0x03c33454: ;   {runtime_call}
  0x03c33454: 0000 00e9 | fbff ffff 

  0x03c3345c: ;   {static_stub}
  0x03c3345c: 6690 bb00 

  0x03c33460: ;   {runtime_call}
  0x03c33460: 0000 00e9 | fbff ffff 

  0x03c33468: ;   {static_stub}
  0x03c33468: 6690 bb00 

  0x03c3346c: ;   {runtime_call}
  0x03c3346c: 0000 00e9 | fbff ffff 

  0x03c33474: ;   {static_stub}
  0x03c33474: 6690 bb78 

  0x03c33478: ;   {runtime_call I2C/C2I adapters}
  0x03c33478: a701 65e9 | 5623 3cff 

  0x03c33480: ;   {static_stub}
  0x03c33480: 6690 bbd8 

  0x03c33484: ;   {runtime_call I2C/C2I adapters}
  0x03c33484: a801 65e9 | 5e95 3fff 

  0x03c3348c: ;   {static_stub}
  0x03c3348c: 6690 bb00 

  0x03c33490: ;   {runtime_call}
  0x03c33490: 0000 00e9 | fbff ffff 

  0x03c33498: ;   {static_stub}
  0x03c33498: 6690 bb00 

  0x03c3349c: ;   {runtime_call}
  0x03c3349c: 0000 00e9 | fbff ffff 

  0x03c334a4: ;   {static_stub}
  0x03c334a4: 6690 bb00 

  0x03c334a8: ;   {runtime_call}
  0x03c334a8: 0000 00e9 | fbff ffff 
[Exception Handler]
  0x03c334b0: ;   {runtime_call handle_exception_from_callee Runtime1 stub}
  0x03c334b0: e85b f83d 

  0x03c334b4: ;   {external_word}
  0x03c334b4: ff68 98d7 | a86b e800 | 0000 0060 

  0x03c334c0: ;   {runtime_call}
  0x03c334c0: e88b 65cb 

  0x03c334c4: ;   {section_word}
  0x03c334c4: 67f4 68c6 

  0x03c334c8: ;   {runtime_call DeoptimizationBlob}
  0x03c334c8: 34c3 03e9 | 701d 40ff 
[/MachCode]


Compiled method (c1) 6022043 54324             jdk.internal.reflect.MethodAccessorGenerator::generate (762 bytes)
 total in heap  [0x041a7608,0x041ad1c0] = 23480
 relocation     [0x041a76f0,0x041a7e9c] = 1964
 main code      [0x041a7ea0,0x041aa410] = 9584
 stub code      [0x041aa410,0x041aa97c] = 1388
 metadata       [0x041aa97c,0x041aa9ec] = 112
 scopes data    [0x041aa9ec,0x041abd0c] = 4896
 scopes pcs     [0x041abd0c,0x041aceec] = 4576
 dependencies   [0x041aceec,0x041acf04] = 24
 nul chk table  [0x041acf04,0x041ad1c0] = 700

[Constant Pool (empty)]

[MachCode]
[Entry Point]
  # {method} {0x657e8aac} 'generate' '(Ljava/lang/Class;Ljava/lang/String;[Ljava/lang/Class;Ljava/lang/Class;[Ljava/lang/Class;IZZLjava/lang/Class;)Ljdk/internal/reflect/MagicAccessorImpl;' in 'jdk/internal/reflect/MethodAccessorGenerator'
  # this:     ecx       = 'jdk/internal/reflect/MethodAccessorGenerator'
  # parm0:    edx       = 'java/lang/Class'
  # parm1:    [sp+0x190]   = 'java/lang/String'  (sp of caller)
  # parm2:    [sp+0x194]   = '[Ljava/lang/Class;'
  # parm3:    [sp+0x198]   = 'java/lang/Class'
  # parm4:    [sp+0x19c]   = '[Ljava/lang/Class;'
  # parm5:    [sp+0x1a0]   = int
  # parm6:    [sp+0x1a4]   = boolean
  # parm7:    [sp+0x1a8]   = boolean
  # parm8:    [sp+0x1ac]   = 'java/lang/Class'
  0x041a7ea0: 0f1f 8000 | 0000 003b 

  0x041a7ea8: ;   {runtime_call ic_miss_stub}
  0x041a7ea8: 4104 0f85 | 2089 e8fe 
[Verified Entry Point]
  0x041a7eb0: 8984 2400 | c0ff ff55 | 81ec 8801 | 0000 894c | 245c 8954 | 2458 be48 | d67e 658b | 7e1c 4f89 
  0x041a7ed0: 7e1c 83ff | 000f 8ec1 

  0x041a7ed8: ;   {metadata('jdk/internal/reflect/ByteVectorImpl')}
  0x041a7ed8: 2000 00ba | e0e5 7e65 | 648b 0c25 | 0000 0000 | 8b49 f48b | 81d0 0000 | 008d 7810 | 3bb9 d800 
  0x041a7ef8: 0000 0f87 | a820 0000 | 89b9 d000 | 0000 c700 | 0100 0000 | 8950 0433 | c989 4808 | 8948 0c89 
  0x041a7f18: 4424 60bb | 6400 0000 

  0x041a7f20: ;   {metadata({type array byte})}
  0x041a7f20: bac0 0400 | 658b fb81 | fbff ffff | 000f 8781 | 2000 00be | 1300 0000 | 8d34 1e83 | e6f8 648b 
  0x041a7f40: 0c25 0000 | 0000 8b49 | f48b 81d0 | 0000 008d | 3430 3bb1 | d800 0000 | 0f87 5620 | 0000 89b1 
  0x041a7f60: d000 0000 | 2bf0 c700 | 0100 0000 | 8950 0489 | 5808 83ee | 0c0f 8428 | 0000 0085 | f60f 8420 
  0x041a7f80: 0000 0033 | dbc1 ee03 | 0f83 0a00 | 0000 895c | f00c 0f84 | 0b00 0000 | 895c f008 | 895c f004 
  0x041a7fa0: 4e75 f58b | 5c24 6089 | 430c 8bc3 | c1e8 09c6 | 8000 808b | 0200 c743 | 08ff ffff 

  0x041a7fbc: ;   {metadata('jdk/internal/reflect/ClassFileAssembler')}
  0x041a7fbc: ffba 1825 | 7f65 648b | 0c25 0000 | 0000 8b49 | f48b 81d0 | 0000 008d | 7820 3bb9 | d800 0000 
  0x041a7fdc: 0f87 dc1f | 0000 89b9 | d000 0000 | c700 0100 | 0000 8950 | 0433 c9bf | 0300 0000 | 894c f804 
  0x041a7ffc: 890c f84f | 75f6 8944 | 2464 8958 | 188b d0c1 | ea09 c682 | 0080 8b02 | 008b 4c24 | 5c89 416c 
  0x041a801c: 8bd1 c1ea | 09c6 8200 | 808b 0200 | 8b54 2458 | 8951 7c8b | f1c1 ee09 | c686 0080 | 8b02 008b 
  0x041a803c: b424 9401 | 0000 89b1 | 8000 0000 | 8bf9 c1ef | 09c6 8700 | 808b 0200 | 8bbc 2498 | 0100 0089 
  0x041a805c: b984 0000 | 008b f9c1 | ef09 c687 | 0080 8b02 | 008b bc24 | a001 0000 | 8979 088b | bc24 a401 
  0x041a807c: 0000 83e7 | 018b df88 | 597a 8bbc | 24a8 0100 | 0083 e701 | 8bdf 8859 | 7bba beba | feca 8bc8 
  0x041a809c: ;   {optimized virtual_call}
  0x041a809c: 6666 90e8 

  0x041a80a0: ; ImmutableOopMap {[400]=Oop [428]=Oop [92]=Oop [404]=Oop [88]=Oop [100]=Oop [96]=Oop }
              ;*invokevirtual emitInt {reexecute=0 rethrow=0 return_oop=0}
              ; - jdk.internal.reflect.ClassFileAssembler::emitMagicAndVersion@3 (line 50)
              ; - jdk.internal.reflect.MethodAccessorGenerator::generate@56 (line 144)
  0x041a80a0: 0c01 ba00 | 8b44 2464 | 8b48 1883 | f900 0f84 | 1500 0000 

  0x041a80b4: ;   {metadata('jdk/internal/reflect/ByteVectorImpl')}
  0x041a80b4: 8b71 0481 | 7e24 e0e5 | 7e65 0f85 | 061f 0000 | e900 0000 | 008b d13b | 01ba 0000 

  0x041a80d0: ;   {optimized virtual_call}
  0x041a80d0: 0000 90e8 

  0x041a80d4: ; ImmutableOopMap {[400]=Oop [428]=Oop [92]=Oop [404]=Oop [88]=Oop [96]=Oop [100]=Oop }
              ;*invokeinterface add {reexecute=0 rethrow=0 return_oop=0}
              ; - jdk.internal.reflect.ClassFileAssembler::emitByte@5 (line 74)
              ; - jdk.internal.reflect.ClassFileAssembler::emitShort@10 (line 63)
              ; - jdk.internal.reflect.ClassFileAssembler::emitMagicAndVersion@8 (line 51)
              ; - jdk.internal.reflect.MethodAccessorGenerator::generate@56 (line 144)
  0x041a80d4: 6807 dfff | 8b44 2464 | 8b48 1883 | f900 0f84 | 1500 0000 

  0x041a80e8: ;   {metadata('jdk/internal/reflect/ByteVectorImpl')}
  0x041a80e8: 8b71 0481 | 7e24 e0e5 | 7e65 0f85 | dc1e 0000 | e900 0000 | 008b d13b | 01ba 0000 

  0x041a8104: ;   {optimized virtual_call}
  0x041a8104: 0000 90e8 

  0x041a8108: ; ImmutableOopMap {[400]=Oop [428]=Oop [92]=Oop [404]=Oop [88]=Oop [96]=Oop [100]=Oop }
              ;*invokeinterface add {reexecute=0 rethrow=0 return_oop=0}
              ; - jdk.internal.reflect.ClassFileAssembler::emitByte@5 (line 74)
              ; - jdk.internal.reflect.ClassFileAssembler::emitShort@20 (line 64)
              ; - jdk.internal.reflect.ClassFileAssembler::emitMagicAndVersion@8 (line 51)
              ; - jdk.internal.reflect.MethodAccessorGenerator::generate@56 (line 144)
  0x041a8108: 3407 dfff | 8b44 2464 | 8b48 1883 | f900 0f84 | 1500 0000 

  0x041a811c: ;   {metadata('jdk/internal/reflect/ByteVectorImpl')}
  0x041a811c: 8b71 0481 | 7e24 e0e5 | 7e65 0f85 | b21e 0000 | e900 0000 | 008b d13b | 01ba 0000 

  0x041a8138: ;   {optimized virtual_call}
  0x041a8138: 0000 90e8 

  0x041a813c: ; ImmutableOopMap {[400]=Oop [428]=Oop [92]=Oop [404]=Oop [88]=Oop [96]=Oop [100]=Oop }
              ;*invokeinterface add {reexecute=0 rethrow=0 return_oop=0}
              ; - jdk.internal.reflect.ClassFileAssembler::emitByte@5 (line 74)
              ; - jdk.internal.reflect.ClassFileAssembler::emitShort@10 (line 63)
              ; - jdk.internal.reflect.ClassFileAssembler::emitMagicAndVersion@14 (line 52)
              ; - jdk.internal.reflect.MethodAccessorGenerator::generate@56 (line 144)
  0x041a813c: 0007 dfff | 8b44 2464 | 8b48 1883 | f900 0f84 | 1500 0000 

  0x041a8150: ;   {metadata('jdk/internal/reflect/ByteVectorImpl')}
  0x041a8150: 8b71 0481 | 7e24 e0e5 | 7e65 0f85 | 881e 0000 | e900 0000 | 008b d13b | 01ba 3100 

  0x041a816c: ;   {optimized virtual_call}
  0x041a816c: 0000 90e8 

  0x041a8170: ; ImmutableOopMap {[400]=Oop [428]=Oop [92]=Oop [404]=Oop [88]=Oop [96]=Oop }
              ;*invokeinterface add {reexecute=0 rethrow=0 return_oop=0}
              ; - jdk.internal.reflect.ClassFileAssembler::emitByte@5 (line 74)
              ; - jdk.internal.reflect.ClassFileAssembler::emitShort@20 (line 64)
              ; - jdk.internal.reflect.ClassFileAssembler::emitMagicAndVersion@14 (line 52)
              ; - jdk.internal.reflect.MethodAccessorGenerator::generate@56 (line 144)
  0x041a8170: cc06 dfff | 8b4c 245c 

  0x041a8178: ;   {optimized virtual_call}
  0x041a8178: 6666 90e8 

  0x041a817c: ; ImmutableOopMap {[400]=Oop [428]=Oop [92]=Oop [404]=Oop [88]=Oop [96]=Oop }
              ;*invokevirtual usesPrimitiveTypes {reexecute=0 rethrow=0 return_oop=0}
              ; - jdk.internal.reflect.MethodAccessorGenerator::generate@64 (line 273)
  0x041a817c: 40aa a8ff | 8944 246c | 83f8 000f | 850a 0000 | 00b9 2a00 | 0000 e905 | 0000 00b9 | 7300 0000 
  0x041a819c: 8bb4 24a8 | 0100 0083 | fe00 0f84 | 0600 0000 | 83c1 020f | bfc9 894c | 2468 8b4c | 245c 8bd9 
  0x041a81bc: ;   {optimized virtual_call}
  0x041a81bc: 8bcb 90e8 

  0x041a81c0: ; ImmutableOopMap {[400]=Oop [428]=Oop [404]=Oop [88]=Oop [96]=Oop [92]=Oop }
              ;*invokevirtual numNonPrimitiveParameterTypes {reexecute=0 rethrow=0 return_oop=0}
              ; - jdk.internal.reflect.MethodAccessorGenerator::generate@98 (line 283)
  0x041a81c0: 6c75 6800 | d1e0 0fbf | c08b 4c24 | 6803 c80f | bfc9 894c | 2478 8b74 | 245c 8b7e | 6c89 7c24 
  0x041a81e0: 708b 5f18 | 8bd1 420f | bfd2 c1e2 | 10c1 fa10 | 83fb 000f | 8415 0000 | 008b 7304 

  0x041a81fc: ;   {metadata('jdk/internal/reflect/ByteVectorImpl')}
  0x041a81fc: 817e 24e0 | e57e 650f | 85ee 1d00 | 00e9 0000 | 0000 8bc3 

  0x041a8210: ; implicit exception: dispatches to 0x041a9ffc
  0x041a8210: 3b03 8bf2 | c1fe 0881 | e6ff 0000 | 00c1 e618 | c1fe 1889 | 5424 748b 

  0x041a8228: ;   {optimized virtual_call}
  0x041a8228: d68b cbe8 

  0x041a822c: ; ImmutableOopMap {[400]=Oop [428]=Oop [404]=Oop [88]=Oop [96]=Oop [112]=Oop [92]=Oop }
              ;*invokeinterface add {reexecute=0 rethrow=0 return_oop=0}
              ; - jdk.internal.reflect.ClassFileAssembler::emitByte@5 (line 74)
              ; - jdk.internal.reflect.ClassFileAssembler::emitShort@10 (line 63)
              ; - jdk.internal.reflect.MethodAccessorGenerator::generate@117 (line 285)
  0x041a822c: 1006 dfff | 8b7c 2470 | 8b4f 1883 | f900 0f84 | 1500 0000 

  0x041a8240: ;   {metadata('jdk/internal/reflect/ByteVectorImpl')}
  0x041a8240: 8b71 0481 | 7e24 e0e5 | 7e65 0f85 | b11d 0000 | e900 0000 | 008b d13b | 018b 5424 | 7481 e2ff 
  0x041a8260: 0000 000f 

  0x041a8264: ;   {optimized virtual_call}
  0x041a8264: bed2 90e8 

  0x041a8268: ; ImmutableOopMap {[400]=Oop [428]=Oop [404]=Oop [88]=Oop [96]=Oop [92]=Oop }
              ;*invokeinterface add {reexecute=0 rethrow=0 return_oop=0}
              ; - jdk.internal.reflect.ClassFileAssembler::emitByte@5 (line 74)
              ; - jdk.internal.reflect.ClassFileAssembler::emitShort@20 (line 64)
              ; - jdk.internal.reflect.MethodAccessorGenerator::generate@117 (line 285)
  0x041a8268: d405 dfff | 8b8c 24a4 | 0100 008b | 9424 a801 

  0x041a8278: ;   {static_call}
  0x041a8278: 0000 90e8 

  0x041a827c: ; ImmutableOopMap {[400]=Oop [428]=Oop [404]=Oop [88]=Oop [96]=Oop [92]=Oop }
              ;*invokestatic generateName {reexecute=0 rethrow=0 return_oop=0}
              ; - jdk.internal.reflect.MethodAccessorGenerator::generate@124 (line 287)
  0x041a827c: d064 40ff | 8944 247c | 8b4c 245c | 8b71 6c3b | 068b d08b 

  0x041a8290: ;   {optimized virtual_call}
  0x041a8290: ce66 90e8 

  0x041a8294: ; ImmutableOopMap {[400]=Oop [428]=Oop [404]=Oop [88]=Oop [96]=Oop [124]=Oop [92]=Oop }
              ;*invokevirtual emitConstantPoolUTF8 {reexecute=0 rethrow=0 return_oop=0}
              ; - jdk.internal.reflect.MethodAccessorGenerator::generate@135 (line 288)
  0x041a8294: a87f 27ff | 8b4c 245c | 8b71 6c89 | b424 8000 | 0000 0fbf | 5614 83fa | 000f 8485 | 1c00 008b 
  0x041a82b4: 7e18 c1e2 | 10c1 fa10 | 83ff 000f | 8415 0000 | 008b 4704 

  0x041a82c8: ;   {metadata('jdk/internal/reflect/ByteVectorImpl')}
  0x041a82c8: 8178 24e0 | e57e 650f | 8540 1d00 | 00e9 0000 | 0000 8bdf 

  0x041a82dc: ; implicit exception: dispatches to 0x041aa01a
  0x041a82dc: 3b07 8994 | 2484 0000 | 00ba 0700 | 0000 8bcf 

  0x041a82ec: ;   {optimized virtual_call}
  0x041a82ec: 6666 90e8 

  0x041a82f0: ; ImmutableOopMap {[400]=Oop [428]=Oop [404]=Oop [88]=Oop [96]=Oop [124]=Oop [128]=Oop [92]=Oop }
              ;*invokeinterface add {reexecute=0 rethrow=0 return_oop=0}
              ; - jdk.internal.reflect.ClassFileAssembler::emitByte@5 (line 74)
              ; - jdk.internal.reflect.ClassFileAssembler::emitConstantPoolClass@3 (line 113)
              ; - jdk.internal.reflect.MethodAccessorGenerator::generate@149 (line 289)
  0x041a82f0: 4c05 dfff | 8bb4 2480 | 0000 008b | 4e18 83f9 | 000f 8415 | 0000 008b 

  0x041a8308: ;   {metadata('jdk/internal/reflect/ByteVectorImpl')}
  0x041a8308: 7904 817f | 24e0 e57e | 650f 8508 | 1d00 00e9 | 0000 0000 | 8bd1 3b01 | 8b94 2484 | 0000 00c1 
  0x041a8328: fa08 81e2 | ff00 0000 

  0x041a8330: ;   {optimized virtual_call}
  0x041a8330: 0fbe d2e8 

  0x041a8334: ; ImmutableOopMap {[400]=Oop [428]=Oop [404]=Oop [88]=Oop [96]=Oop [124]=Oop [92]=Oop [128]=Oop }
              ;*invokeinterface add {reexecute=0 rethrow=0 return_oop=0}
              ; - jdk.internal.reflect.ClassFileAssembler::emitByte@5 (line 74)
              ; - jdk.internal.reflect.ClassFileAssembler::emitShort@10 (line 63)
              ; - jdk.internal.reflect.ClassFileAssembler::emitConstantPoolClass@8 (line 114)
              ; - jdk.internal.reflect.MethodAccessorGenerator::generate@149 (line 289)
  0x041a8334: 0805 dfff | 8bb4 2480 | 0000 008b | 4e18 83f9 | 000f 8415 | 0000 008b 

  0x041a834c: ;   {metadata('jdk/internal/reflect/ByteVectorImpl')}
  0x041a834c: 7904 817f | 24e0 e57e | 650f 85ce | 1c00 00e9 | 0000 0000 | 8bd1 3b01 | 8b94 2484 | 0000 0081 
  0x041a836c: e2ff 0000 | 000f bed2 

  0x041a8374: ;   {optimized virtual_call}
  0x041a8374: 6666 90e8 

  0x041a8378: ; ImmutableOopMap {[400]=Oop [428]=Oop [404]=Oop [88]=Oop [96]=Oop [124]=Oop [92]=Oop [128]=Oop }
              ;*invokeinterface add {reexecute=0 rethrow=0 return_oop=0}
              ; - jdk.internal.reflect.ClassFileAssembler::emitByte@5 (line 74)
              ; - jdk.internal.reflect.ClassFileAssembler::emitShort@20 (line 64)
              ; - jdk.internal.reflect.ClassFileAssembler::emitConstantPoolClass@8 (line 114)
              ; - jdk.internal.reflect.MethodAccessorGenerator::generate@149 (line 289)
  0x041a8378: c404 dfff | 8bb4 2480 | 0000 000f | bf56 1442 | 6689 5614 | 8b4c 245c | 8b71 6c0f | bf56 1483 
  0x041a8398: fa00 0f84 | 341b 0000 | 8bbc 24a4 | 0100 00c1 | e210 c1fa | 1066 8951 | 0c83 ff00 | 0f84 3700 
  0x041a83b8: 0000 8b9c | 24a8 0100 | 0083 fb00 | 0f84 1300 

  0x041a83c8: ;   {oop("jdk/internal/reflect/SerializationConstructorAccessorImpl"{0x2695edc0})}
  0x041a83c8: 0000 bac0 | ed95 268b 

  0x041a83d0: ;   {optimized virtual_call}
  0x041a83d0: ce66 90e8 

  0x041a83d4: ; ImmutableOopMap {[400]=Oop [428]=Oop [404]=Oop [88]=Oop [96]=Oop [124]=Oop [92]=Oop }
              ;*invokevirtual emitConstantPoolUTF8 {reexecute=0 rethrow=0 return_oop=0}
              ; - jdk.internal.reflect.MethodAccessorGenerator::generate@179 (line 294)
  0x041a83d4: 3886 e8fe | e923 0000 

  0x041a83dc: ;   {oop("jdk/internal/reflect/ConstructorAccessorImpl"{0x25dbe7e8})}
  0x041a83dc: 00ba e8e7 | db25 8bce 

  0x041a83e4: ;   {optimized virtual_call}
  0x041a83e4: 6666 90e8 

  0x041a83e8: ; ImmutableOopMap {[400]=Oop [428]=Oop [404]=Oop [88]=Oop [96]=Oop [124]=Oop [92]=Oop }
              ;*invokevirtual emitConstantPoolUTF8 {reexecute=0 rethrow=0 return_oop=0}
              ; - jdk.internal.reflect.MethodAccessorGenerator::generate@191 (line 296)
  0x041a83e8: 547e 27ff | e90f 0000 

  0x041a83f0: ;   {oop("jdk/internal/reflect/MethodAccessorImpl"{0x25dbe800})}
  0x041a83f0: 00ba 00e8 | db25 8bce 

  0x041a83f8: ;   {optimized virtual_call}
  0x041a83f8: 6666 90e8 

  0x041a83fc: ; ImmutableOopMap {[400]=Oop [428]=Oop [404]=Oop [88]=Oop [96]=Oop [124]=Oop [92]=Oop }
              ;*invokevirtual emitConstantPoolUTF8 {reexecute=0 rethrow=0 return_oop=0}
              ; - jdk.internal.reflect.MethodAccessorGenerator::generate@203 (line 299)
  0x041a83fc: 407e 27ff | 8b4c 245c | 8b71 6c89 | b424 8800 | 0000 0fbf | 5614 83fa | 000f 8455 | 1a00 008b 
  0x041a841c: 7e18 c1e2 | 10c1 fa10 | 83ff 000f | 8415 0000 | 008b 4704 

  0x041a8430: ;   {metadata('jdk/internal/reflect/ByteVectorImpl')}
  0x041a8430: 8178 24e0 | e57e 650f | 8500 1c00 | 00e9 0000 | 0000 8bdf 

  0x041a8444: ; implicit exception: dispatches to 0x041aa042
  0x041a8444: 3b07 8994 | 248c 0000 | 00ba 0700 | 0000 8bcf 

  0x041a8454: ;   {optimized virtual_call}
  0x041a8454: 6666 90e8 

  0x041a8458: ; ImmutableOopMap {[400]=Oop [428]=Oop [404]=Oop [88]=Oop [96]=Oop [124]=Oop [136]=Oop [92]=Oop }
              ;*invokeinterface add {reexecute=0 rethrow=0 return_oop=0}
              ; - jdk.internal.reflect.ClassFileAssembler::emitByte@5 (line 74)
              ; - jdk.internal.reflect.ClassFileAssembler::emitConstantPoolClass@3 (line 113)
              ; - jdk.internal.reflect.MethodAccessorGenerator::generate@217 (line 301)
  0x041a8458: e403 dfff | 8bb4 2488 | 0000 008b | 4e18 83f9 | 000f 8415 | 0000 008b 

  0x041a8470: ;   {metadata('jdk/internal/reflect/ByteVectorImpl')}
  0x041a8470: 7904 817f | 24e0 e57e | 650f 85c8 | 1b00 00e9 | 0000 0000 | 8bd1 3b01 | 8b94 248c | 0000 00c1 
  0x041a8490: fa08 81e2 | ff00 0000 

  0x041a8498: ;   {optimized virtual_call}
  0x041a8498: 0fbe d2e8 

  0x041a849c: ; ImmutableOopMap {[400]=Oop [428]=Oop [404]=Oop [88]=Oop [96]=Oop [124]=Oop [92]=Oop [136]=Oop }
              ;*invokeinterface add {reexecute=0 rethrow=0 return_oop=0}
              ; - jdk.internal.reflect.ClassFileAssembler::emitByte@5 (line 74)
              ; - jdk.internal.reflect.ClassFileAssembler::emitShort@10 (line 63)
              ; - jdk.internal.reflect.ClassFileAssembler::emitConstantPoolClass@8 (line 114)
              ; - jdk.internal.reflect.MethodAccessorGenerator::generate@217 (line 301)
  0x041a849c: a003 dfff | 8bb4 2488 | 0000 008b | 4e18 83f9 | 000f 8415 | 0000 008b 

  0x041a84b4: ;   {metadata('jdk/internal/reflect/ByteVectorImpl')}
  0x041a84b4: 7904 817f | 24e0 e57e | 650f 858e | 1b00 00e9 | 0000 0000 | 8bd1 3b01 | 8b94 248c | 0000 0081 
  0x041a84d4: e2ff 0000 | 000f bed2 

  0x041a84dc: ;   {optimized virtual_call}
  0x041a84dc: 6666 90e8 

  0x041a84e0: ; ImmutableOopMap {[400]=Oop [428]=Oop [404]=Oop [88]=Oop [96]=Oop [124]=Oop [92]=Oop [136]=Oop }
              ;*invokeinterface add {reexecute=0 rethrow=0 return_oop=0}
              ; - jdk.internal.reflect.ClassFileAssembler::emitByte@5 (line 74)
              ; - jdk.internal.reflect.ClassFileAssembler::emitShort@20 (line 64)
              ; - jdk.internal.reflect.ClassFileAssembler::emitConstantPoolClass@8 (line 114)
              ; - jdk.internal.reflect.MethodAccessorGenerator::generate@217 (line 301)
  0x041a84e0: 5c03 dfff | 8bb4 2488 | 0000 000f | bf4e 1441 | 6689 4e14 | 8b4c 245c | 8b71 6c0f | bf56 1483 
  0x041a8500: fa00 0f84 | 0419 0000 | 89b4 2490 | 0000 00c1 | e210 c1fa | 1066 8951 | 0e8b 4c24 | 58ba 0000 
  0x041a8520: ;   {static_call}
  0x041a8520: 0000 90e8 

  0x041a8524: ; ImmutableOopMap {[400]=Oop [428]=Oop [404]=Oop [88]=Oop [96]=Oop [124]=Oop [144]=Oop [92]=Oop }
              ;*invokestatic getClassName {reexecute=0 rethrow=0 return_oop=0}
              ; - jdk.internal.reflect.MethodAccessorGenerator::generate@237 (line 303)
  0x041a8524: f843 5fff | 8bd0 8b8c | 2490 0000 

  0x041a8530: ;   {optimized virtual_call}
  0x041a8530: 0066 90e8 

  0x041a8534: ; ImmutableOopMap {[400]=Oop [428]=Oop [404]=Oop [88]=Oop [96]=Oop [124]=Oop [92]=Oop }
              ;*invokevirtual emitConstantPoolUTF8 {reexecute=0 rethrow=0 return_oop=0}
              ; - jdk.internal.reflect.MethodAccessorGenerator::generate@240 (line 303)
  0x041a8534: 087d 27ff | 8b4c 245c | 8b71 6c89 | b424 9400 | 0000 0fbf | 5614 83fa | 000f 8455 | 1800 008b 
  0x041a8554: 7e18 c1e2 | 10c1 fa10 | 83ff 000f | 8415 0000 | 008b 4704 

  0x041a8568: ;   {metadata('jdk/internal/reflect/ByteVectorImpl')}
  0x041a8568: 8178 24e0 | e57e 650f | 85f0 1a00 | 00e9 0000 | 0000 8bdf 

  0x041a857c: ; implicit exception: dispatches to 0x041aa06a
  0x041a857c: 3b07 8994 | 2498 0000 | 00ba 0700 | 0000 8bcf 

  0x041a858c: ;   {optimized virtual_call}
  0x041a858c: 6666 90e8 

  0x041a8590: ; ImmutableOopMap {[400]=Oop [428]=Oop [404]=Oop [88]=Oop [96]=Oop [124]=Oop [92]=Oop [148]=Oop }
              ;*invokeinterface add {reexecute=0 rethrow=0 return_oop=0}
              ; - jdk.internal.reflect.ClassFileAssembler::emitByte@5 (line 74)
              ; - jdk.internal.reflect.ClassFileAssembler::emitConstantPoolClass@3 (line 113)
              ; - jdk.internal.reflect.MethodAccessorGenerator::generate@254 (line 304)
  0x041a8590: ac02 dfff | 8bb4 2494 | 0000 008b | 4e18 83f9 | 000f 8415 | 0000 008b 

  0x041a85a8: ;   {metadata('jdk/internal/reflect/ByteVectorImpl')}
  0x041a85a8: 7904 817f | 24e0 e57e | 650f 85b8 | 1a00 00e9 | 0000 0000 | 8bd1 3b01 | 8b94 2498 | 0000 00c1 
  0x041a85c8: fa08 81e2 | ff00 0000 

  0x041a85d0: ;   {optimized virtual_call}
  0x041a85d0: 0fbe d2e8 

  0x041a85d4: ; ImmutableOopMap {[400]=Oop [428]=Oop [404]=Oop [88]=Oop [96]=Oop [124]=Oop [92]=Oop [148]=Oop }
              ;*invokeinterface add {reexecute=0 rethrow=0 return_oop=0}
              ; - jdk.internal.reflect.ClassFileAssembler::emitByte@5 (line 74)
              ; - jdk.internal.reflect.ClassFileAssembler::emitShort@10 (line 63)
              ; - jdk.internal.reflect.ClassFileAssembler::emitConstantPoolClass@8 (line 114)
              ; - jdk.internal.reflect.MethodAccessorGenerator::generate@254 (line 304)
  0x041a85d4: 6802 dfff | 8bb4 2494 | 0000 008b | 4e18 83f9 | 000f 8415 | 0000 008b 

  0x041a85ec: ;   {metadata('jdk/internal/reflect/ByteVectorImpl')}
  0x041a85ec: 7904 817f | 24e0 e57e | 650f 857e | 1a00 00e9 | 0000 0000 | 8bd1 3b01 | 8b94 2498 | 0000 0081 
  0x041a860c: e2ff 0000 | 000f bed2 

  0x041a8614: ;   {optimized virtual_call}
  0x041a8614: 6666 90e8 

  0x041a8618: ; ImmutableOopMap {[400]=Oop [428]=Oop [404]=Oop [88]=Oop [96]=Oop [124]=Oop [92]=Oop [148]=Oop }
              ;*invokeinterface add {reexecute=0 rethrow=0 return_oop=0}
              ; - jdk.internal.reflect.ClassFileAssembler::emitByte@5 (line 74)
              ; - jdk.internal.reflect.ClassFileAssembler::emitShort@20 (line 64)
              ; - jdk.internal.reflect.ClassFileAssembler::emitConstantPoolClass@8 (line 114)
              ; - jdk.internal.reflect.MethodAccessorGenerator::generate@254 (line 304)
  0x041a8618: 2402 dfff | 8bb4 2494 | 0000 000f | bf4e 1441 | 6689 4e14 | 8b4c 245c | 8b71 6c0f | bf56 1483 
  0x041a8638: fa00 0f84 | 0417 0000 | 8bbc 24a8 | 0100 00c1 | e210 c1fa | 1066 8951 | 1083 ff00 | 0f85 0a00 
  0x041a8658: 0000 be00 | 0000 00e9 | 3c01 0000 | 89b4 249c | 0000 008b | 9c24 ac01 | 0000 8bcb | ba00 0000 
  0x041a8678: ;   {static_call}
  0x041a8678: 0066 90e8 

  0x041a867c: ; ImmutableOopMap {[400]=Oop [404]=Oop [88]=Oop [96]=Oop [124]=Oop [156]=Oop [92]=Oop }
              ;*invokestatic getClassName {reexecute=0 rethrow=0 return_oop=0}
              ; - jdk.internal.reflect.MethodAccessorGenerator::generate@283 (line 308)
  0x041a867c: 1088 e8fe | 8bd0 8b8c | 249c 0000 

  0x041a8688: ;   {optimized virtual_call}
  0x041a8688: 0066 90e8 

  0x041a868c: ; ImmutableOopMap {[400]=Oop [404]=Oop [88]=Oop [96]=Oop [124]=Oop [92]=Oop }
              ;*invokevirtual emitConstantPoolUTF8 {reexecute=0 rethrow=0 return_oop=0}
              ; - jdk.internal.reflect.MethodAccessorGenerator::generate@286 (line 308)
  0x041a868c: 8083 e8fe | 8b4c 245c | 8b71 6c89 | b424 a000 | 0000 0fbf | 5614 83fa | 000f 8435 | 1600 008b 
  0x041a86ac: 7e18 c1e2 | 10c1 fa10 | 83ff 000f | 8415 0000 | 008b 4704 

  0x041a86c0: ;   {metadata('jdk/internal/reflect/ByteVectorImpl')}
  0x041a86c0: 8178 24e0 | e57e 650f | 85c0 1900 | 00e9 0000 | 0000 8bdf 

  0x041a86d4: ; implicit exception: dispatches to 0x041aa092
  0x041a86d4: 3b07 8994 | 24a4 0000 | 00ba 0700 | 0000 8bcf 

  0x041a86e4: ;   {optimized virtual_call}
  0x041a86e4: 6666 90e8 

  0x041a86e8: ; ImmutableOopMap {[400]=Oop [404]=Oop [88]=Oop [96]=Oop [124]=Oop [160]=Oop [92]=Oop }
              ;*invokeinterface add {reexecute=0 rethrow=0 return_oop=0}
              ; - jdk.internal.reflect.ClassFileAssembler::emitByte@5 (line 74)
              ; - jdk.internal.reflect.ClassFileAssembler::emitConstantPoolClass@3 (line 113)
              ; - jdk.internal.reflect.MethodAccessorGenerator::generate@300 (line 309)
  0x041a86e8: 2483 e8fe | 8bb4 24a0 | 0000 008b | 4e18 83f9 | 000f 8415 | 0000 008b 

  0x041a8700: ;   {metadata('jdk/internal/reflect/ByteVectorImpl')}
  0x041a8700: 7904 817f | 24e0 e57e | 650f 8588 | 1900 00e9 | 0000 0000 | 8bd1 3b01 | 8b94 24a4 | 0000 00c1 
  0x041a8720: fa08 81e2 | ff00 0000 

  0x041a8728: ;   {optimized virtual_call}
  0x041a8728: 0fbe d2e8 

  0x041a872c: ; ImmutableOopMap {[400]=Oop [404]=Oop [88]=Oop [96]=Oop [124]=Oop [92]=Oop [160]=Oop }
              ;*invokeinterface add {reexecute=0 rethrow=0 return_oop=0}
              ; - jdk.internal.reflect.ClassFileAssembler::emitByte@5 (line 74)
              ; - jdk.internal.reflect.ClassFileAssembler::emitShort@10 (line 63)
              ; - jdk.internal.reflect.ClassFileAssembler::emitConstantPoolClass@8 (line 114)
              ; - jdk.internal.reflect.MethodAccessorGenerator::generate@300 (line 309)
  0x041a872c: e082 e8fe | 8bb4 24a0 | 0000 008b | 4e18 83f9 | 000f 8415 | 0000 008b 

  0x041a8744: ;   {metadata('jdk/internal/reflect/ByteVectorImpl')}
  0x041a8744: 7904 817f | 24e0 e57e | 650f 854e | 1900 00e9 | 0000 0000 | 8bd1 3b01 | 8b94 24a4 | 0000 0081 
  0x041a8764: e2ff 0000 | 000f bed2 

  0x041a876c: ;   {optimized virtual_call}
  0x041a876c: 6666 90e8 

  0x041a8770: ; ImmutableOopMap {[400]=Oop [404]=Oop [88]=Oop [96]=Oop [124]=Oop [92]=Oop [160]=Oop }
              ;*invokeinterface add {reexecute=0 rethrow=0 return_oop=0}
              ; - jdk.internal.reflect.ClassFileAssembler::emitByte@5 (line 74)
              ; - jdk.internal.reflect.ClassFileAssembler::emitShort@20 (line 64)
              ; - jdk.internal.reflect.ClassFileAssembler::emitConstantPoolClass@8 (line 114)
              ; - jdk.internal.reflect.MethodAccessorGenerator::generate@300 (line 309)
  0x041a8770: 9c82 e8fe | 8bb4 24a0 | 0000 000f | bf56 1442 | 6689 5614 | 8b4c 245c | 8b51 6c0f | bf52 1483 
  0x041a8790: fa00 0f84 | e414 0000 | c1e2 10c1 | fa10 8bf2 | 89b4 24a8 | 0000 008b | 9c24 9001 | 0000 8b79 
  0x041a87b0: 6c3b 078b 

  0x041a87b4: ;   {optimized virtual_call}
  0x041a87b4: d38b cfe8 

  0x041a87b8: ; ImmutableOopMap {[404]=Oop [88]=Oop [96]=Oop [124]=Oop [92]=Oop }
              ;*invokevirtual emitConstantPoolUTF8 {reexecute=0 rethrow=0 return_oop=0}
              ; - jdk.internal.reflect.MethodAccessorGenerator::generate@317 (line 312)
  0x041a87b8: 847a 27ff | 8b4c 245c | 8b71 6c8b | f98b cf89 | b424 ac00 

  0x041a87cc: ;   {optimized virtual_call}
  0x041a87cc: 0000 90e8 

  0x041a87d0: ; ImmutableOopMap {[404]=Oop [88]=Oop [96]=Oop [124]=Oop [172]=Oop [92]=Oop }
              ;*invokevirtual buildInternalSignature {reexecute=0 rethrow=0 return_oop=0}
              ; - jdk.internal.reflect.MethodAccessorGenerator::generate@325 (line 313)
  0x041a87d0: 1c7f a1ff | 8bb4 24ac | 0000 003b | 068b d08b 

  0x041a87e0: ;   {optimized virtual_call}
  0x041a87e0: ce66 90e8 

  0x041a87e4: ; ImmutableOopMap {[404]=Oop [88]=Oop [96]=Oop [124]=Oop [92]=Oop }
              ;*invokevirtual emitConstantPoolUTF8 {reexecute=0 rethrow=0 return_oop=0}
              ; - jdk.internal.reflect.MethodAccessorGenerator::generate@328 (line 313)
  0x041a87e4: 587a 27ff | 8b4c 245c | 8b71 6c89 | b424 b000 | 0000 0fbf | 5614 83fa | 000f 8415 | 1400 008b 
  0x041a8804: fac1 e710 | c1ff 1089 | bc24 b400 | 0000 8bdf | 4b0f bfdb | c1e3 10c1 | fb10 899c | 24b8 0000 
  0x041a8824: 0083 fa00 | 0f84 8613 | 0000 8b46 | 1883 f800 | 0f84 1500 | 0000 8b70 

  0x041a883c: ;   {metadata('jdk/internal/reflect/ByteVectorImpl')}
  0x041a883c: 0481 7e24 | e0e5 7e65 | 0f85 7518 | 0000 e900 | 0000 008b | d03b 00ba | 0c00 0000 

  0x041a8858: ;   {optimized virtual_call}
  0x041a8858: 8bc8 90e8 

  0x041a885c: ; ImmutableOopMap {[404]=Oop [88]=Oop [96]=Oop [124]=Oop [92]=Oop [176]=Oop }
              ;*invokeinterface add {reexecute=0 rethrow=0 return_oop=0}
              ; - jdk.internal.reflect.ClassFileAssembler::emitByte@5 (line 74)
              ; - jdk.internal.reflect.ClassFileAssembler::emitConstantPoolNameAndType@3 (line 119)
              ; - jdk.internal.reflect.MethodAccessorGenerator::generate@353 (line 314)
  0x041a885c: e0ff deff | 8bb4 24b0 | 0000 008b | 4e18 83f9 | 000f 8415 | 0000 008b 

  0x041a8874: ;   {metadata('jdk/internal/reflect/ByteVectorImpl')}
  0x041a8874: 7904 817f | 24e0 e57e | 650f 8546 | 1800 00e9 | 0000 0000 | 8bd1 3b01 | 8b9c 24b8 | 0000 00c1 
  0x041a8894: fb08 81e3 | ff00 0000 | 0fbe db8b 

  0x041a88a0: ;   {optimized virtual_call}
  0x041a88a0: d366 90e8 

  0x041a88a4: ; ImmutableOopMap {[404]=Oop [88]=Oop [96]=Oop [124]=Oop [92]=Oop [176]=Oop }
              ;*invokeinterface add {reexecute=0 rethrow=0 return_oop=0}
              ; - jdk.internal.reflect.ClassFileAssembler::emitByte@5 (line 74)
              ; - jdk.internal.reflect.ClassFileAssembler::emitShort@10 (line 63)
              ; - jdk.internal.reflect.ClassFileAssembler::emitConstantPoolNameAndType@8 (line 120)
              ; - jdk.internal.reflect.MethodAccessorGenerator::generate@353 (line 314)
  0x041a88a4: 98ff deff | 8bb4 24b0 | 0000 008b | 4e18 83f9 | 000f 8415 | 0000 008b 

  0x041a88bc: ;   {metadata('jdk/internal/reflect/ByteVectorImpl')}
  0x041a88bc: 7904 817f | 24e0 e57e | 650f 8508 | 1800 00e9 | 0000 0000 | 8bd1 3b01 | 8b9c 24b8 | 0000 0081 
  0x041a88dc: e3ff 0000 | 000f bedb 

  0x041a88e4: ;   {optimized virtual_call}
  0x041a88e4: 8bd3 90e8 

  0x041a88e8: ; ImmutableOopMap {[404]=Oop [88]=Oop [96]=Oop [124]=Oop [92]=Oop [176]=Oop }
              ;*invokeinterface add {reexecute=0 rethrow=0 return_oop=0}
              ; - jdk.internal.reflect.ClassFileAssembler::emitByte@5 (line 74)
              ; - jdk.internal.reflect.ClassFileAssembler::emitShort@20 (line 64)
              ; - jdk.internal.reflect.ClassFileAssembler::emitConstantPoolNameAndType@8 (line 120)
              ; - jdk.internal.reflect.MethodAccessorGenerator::generate@353 (line 314)
  0x041a88e8: 54ff deff | 8bb4 24b0 | 0000 008b | 4e18 83f9 | 000f 8415 | 0000 008b 

  0x041a8900: ;   {metadata('jdk/internal/reflect/ByteVectorImpl')}
  0x041a8900: 7904 817f | 24e0 e57e | 650f 85ce | 1700 00e9 | 0000 0000 | 8bd1 3b01 | 8bbc 24b4 | 0000 00c1 
  0x041a8920: ff08 81e7 | ff00 0000 | c1e7 18c1 | ff18 8bd7 

  0x041a8930: ;   {optimized virtual_call}
  0x041a8930: 6666 90e8 

  0x041a8934: ; ImmutableOopMap {[404]=Oop [88]=Oop [96]=Oop [124]=Oop [92]=Oop [176]=Oop }
              ;*invokeinterface add {reexecute=0 rethrow=0 return_oop=0}
              ; - jdk.internal.reflect.ClassFileAssembler::emitByte@5 (line 74)
              ; - jdk.internal.reflect.ClassFileAssembler::emitShort@10 (line 63)
              ; - jdk.internal.reflect.ClassFileAssembler::emitConstantPoolNameAndType@13 (line 121)
              ; - jdk.internal.reflect.MethodAccessorGenerator::generate@353 (line 314)
  0x041a8934: 08ff deff | 8bb4 24b0 | 0000 008b | 4e18 83f9 | 000f 8415 | 0000 008b 

  0x041a894c: ;   {metadata('jdk/internal/reflect/ByteVectorImpl')}
  0x041a894c: 7904 817f | 24e0 e57e | 650f 858c | 1700 00e9 | 0000 0000 | 8bd1 3b01 | 8bbc 24b4 | 0000 0081 
  0x041a896c: e7ff 0000 | 00c1 e718 | c1ff 188b 

  0x041a8978: ;   {optimized virtual_call}
  0x041a8978: d766 90e8 

  0x041a897c: ; ImmutableOopMap {[404]=Oop [88]=Oop [96]=Oop [124]=Oop [92]=Oop [176]=Oop }
              ;*invokeinterface add {reexecute=0 rethrow=0 return_oop=0}
              ; - jdk.internal.reflect.ClassFileAssembler::emitByte@5 (line 74)
              ; - jdk.internal.reflect.ClassFileAssembler::emitShort@20 (line 64)
              ; - jdk.internal.reflect.ClassFileAssembler::emitConstantPoolNameAndType@13 (line 121)
              ; - jdk.internal.reflect.MethodAccessorGenerator::generate@353 (line 314)
  0x041a897c: c0fe deff | 8bb4 24b0 | 0000 000f | bf4e 1441 | 6689 4e14 | 8b4c 245c | 8b71 7c3b 

  0x041a8998: ;   {optimized virtual_call}
  0x041a8998: 068b cee8 

  0x041a899c: ; ImmutableOopMap {[404]=Oop [88]=Oop [96]=Oop [124]=Oop [92]=Oop }
              ;*invokevirtual isInterface {reexecute=0 rethrow=0 return_oop=0}
              ; - jdk.internal.reflect.MethodAccessorGenerator::isInterface@4 (line 737)
              ; - jdk.internal.reflect.MethodAccessorGenerator::generate@357 (line 315)
  0x041a899c: 9019 f0fe | 83e0 0183 | f800 0f84 | 9501 0000 | 8b4c 245c | 8b71 6c89 | b424 bc00 | 0000 0fbf 
  0x041a89bc: 7910 89bc | 24c0 0000 | 000f bf56 | 1483 fa00 | 0f84 7e11 | 0000 8b5e | 18c1 e210 | c1fa 1083 
  0x041a89dc: fb00 0f84 | 1500 0000 

  0x041a89e4: ;   {metadata('jdk/internal/reflect/ByteVectorImpl')}
  0x041a89e4: 8b73 0481 | 7e24 e0e5 | 7e65 0f85 | 0717 0000 | e900 0000 | 008b c33b | 0389 9424 | c400 0000 
  0x041a8a04: ba0b 0000 

  0x041a8a08: ;   {optimized virtual_call}
  0x041a8a08: 008b cbe8 

  0x041a8a0c: ; ImmutableOopMap {[404]=Oop [88]=Oop [96]=Oop [124]=Oop [188]=Oop [92]=Oop }
              ;*invokeinterface add {reexecute=0 rethrow=0 return_oop=0}
              ; - jdk.internal.reflect.ClassFileAssembler::emitByte@5 (line 74)
              ; - jdk.internal.reflect.ClassFileAssembler::emitConstantPoolInterfaceMethodref@3 (line 146)
              ; - jdk.internal.reflect.MethodAccessorGenerator::generate@378 (line 316)
  0x041a8a0c: 30fe deff | 8bb4 24bc | 0000 008b | 4e18 83f9 | 000f 8415 | 0000 008b 

  0x041a8a24: ;   {metadata('jdk/internal/reflect/ByteVectorImpl')}
  0x041a8a24: 7904 817f | 24e0 e57e | 650f 85d2 | 1600 00e9 | 0000 0000 | 8bd1 3b01 | 8bbc 24c0 | 0000 00c1 
  0x041a8a44: ff08 81e7 | ff00 0000 | c1e7 18c1 | ff18 8bd7 

  0x041a8a54: ;   {optimized virtual_call}
  0x041a8a54: 6666 90e8 

  0x041a8a58: ; ImmutableOopMap {[404]=Oop [88]=Oop [96]=Oop [124]=Oop [92]=Oop [188]=Oop }
              ;*invokeinterface add {reexecute=0 rethrow=0 return_oop=0}
              ; - jdk.internal.reflect.ClassFileAssembler::emitByte@5 (line 74)
              ; - jdk.internal.reflect.ClassFileAssembler::emitShort@10 (line 63)
              ; - jdk.internal.reflect.ClassFileAssembler::emitConstantPoolInterfaceMethodref@8 (line 147)
              ; - jdk.internal.reflect.MethodAccessorGenerator::generate@378 (line 316)
  0x041a8a58: e4fd deff | 8bb4 24bc | 0000 008b | 4e18 83f9 | 000f 8415 | 0000 008b 

  0x041a8a70: ;   {metadata('jdk/internal/reflect/ByteVectorImpl')}
  0x041a8a70: 7904 817f | 24e0 e57e | 650f 8590 | 1600 00e9 | 0000 0000 | 8bd1 3b01 | 8bbc 24c0 | 0000 0081 
  0x041a8a90: e7ff 0000 | 00c1 e718 | c1ff 188b 

  0x041a8a9c: ;   {optimized virtual_call}
  0x041a8a9c: d766 90e8 

  0x041a8aa0: ; ImmutableOopMap {[404]=Oop [88]=Oop [96]=Oop [124]=Oop [92]=Oop [188]=Oop }
              ;*invokeinterface add {reexecute=0 rethrow=0 return_oop=0}
              ; - jdk.internal.reflect.ClassFileAssembler::emitByte@5 (line 74)
              ; - jdk.internal.reflect.ClassFileAssembler::emitShort@20 (line 64)
              ; - jdk.internal.reflect.ClassFileAssembler::emitConstantPoolInterfaceMethodref@8 (line 147)
              ; - jdk.internal.reflect.MethodAccessorGenerator::generate@378 (line 316)
  0x041a8aa0: 9cfd deff | 8bb4 24bc | 0000 008b | 4e18 83f9 | 000f 8415 | 0000 008b 

  0x041a8ab8: ;   {metadata('jdk/internal/reflect/ByteVectorImpl')}
  0x041a8ab8: 7904 817f | 24e0 e57e | 650f 8552 | 1600 00e9 | 0000 0000 | 8bd1 3b01 | 8b94 24c4 | 0000 00c1 
  0x041a8ad8: fa08 81e2 | ff00 0000 

  0x041a8ae0: ;   {optimized virtual_call}
  0x041a8ae0: 0fbe d2e8 

  0x041a8ae4: ; ImmutableOopMap {[404]=Oop [88]=Oop [96]=Oop [124]=Oop [92]=Oop [188]=Oop }
              ;*invokeinterface add {reexecute=0 rethrow=0 return_oop=0}
              ; - jdk.internal.reflect.ClassFileAssembler::emitByte@5 (line 74)
              ; - jdk.internal.reflect.ClassFileAssembler::emitShort@10 (line 63)
              ; - jdk.internal.reflect.ClassFileAssembler::emitConstantPoolInterfaceMethodref@13 (line 148)
              ; - jdk.internal.reflect.MethodAccessorGenerator::generate@378 (line 316)
  0x041a8ae4: 58fd deff | 8bb4 24bc | 0000 008b | 4e18 83f9 | 000f 8415 | 0000 008b 

  0x041a8afc: ;   {metadata('jdk/internal/reflect/ByteVectorImpl')}
  0x041a8afc: 7904 817f | 24e0 e57e | 650f 8518 | 1600 00e9 | 0000 0000 | 8bd1 3b01 | 8b94 24c4 | 0000 0081 
  0x041a8b1c: e2ff 0000 | 000f bed2 

  0x041a8b24: ;   {optimized virtual_call}
  0x041a8b24: 6666 90e8 

  0x041a8b28: ; ImmutableOopMap {[404]=Oop [88]=Oop [96]=Oop [124]=Oop [92]=Oop [188]=Oop }
              ;*invokeinterface add {reexecute=0 rethrow=0 return_oop=0}
              ; - jdk.internal.reflect.ClassFileAssembler::emitByte@5 (line 74)
              ; - jdk.internal.reflect.ClassFileAssembler::emitShort@20 (line 64)
              ; - jdk.internal.reflect.ClassFileAssembler::emitConstantPoolInterfaceMethodref@13 (line 148)
              ; - jdk.internal.reflect.MethodAccessorGenerator::generate@378 (line 316)
  0x041a8b28: 14fd deff | 8bb4 24bc | 0000 000f | bf56 1442 | 6689 5614 | e91f 0300 | 008b b424 | a801 0000 
  0x041a8b48: 83fe 008b | 4c24 5c0f | 847c 0100 | 008b 716c | 89b4 24c8 | 0000 000f | bf56 1483 | fa00 0f84 
  0x041a8b68: 800f 0000 | 8b7e 18c1 | e210 c1fa | 1083 ff00 | 0f84 1500 | 0000 8b47 

  0x041a8b80: ;   {metadata('jdk/internal/reflect/ByteVectorImpl')}
  0x041a8b80: 0481 7824 | e0e5 7e65 | 0f85 a415 | 0000 e900 | 0000 008b | df3b 0789 | 9424 cc00 | 0000 ba0a 
  0x041a8ba0: 0000 008b 

  0x041a8ba4: ;   {optimized virtual_call}
  0x041a8ba4: cf66 90e8 

  0x041a8ba8: ; ImmutableOopMap {[404]=Oop [88]=Oop [96]=Oop [124]=Oop [200]=Oop [92]=Oop }
              ;*invokeinterface add {reexecute=0 rethrow=0 return_oop=0}
              ; - jdk.internal.reflect.ClassFileAssembler::emitByte@5 (line 74)
              ; - jdk.internal.reflect.ClassFileAssembler::emitConstantPoolMethodref@3 (line 137)
              ; - jdk.internal.reflect.MethodAccessorGenerator::generate@402 (line 319)
  0x041a8ba8: 647e e8fe | 8bb4 24c8 | 0000 008b | 4e18 83f9 | 000f 8415 | 0000 008b 

  0x041a8bc0: ;   {metadata('jdk/internal/reflect/ByteVectorImpl')}
  0x041a8bc0: 7904 817f | 24e0 e57e | 650f 856d | 1500 00e9 | 0000 0000 | 8bd1 3b01 | 8b94 24a8 | 0000 00c1 
  0x041a8be0: fa08 81e2 | ff00 0000 

  0x041a8be8: ;   {optimized virtual_call}
  0x041a8be8: 0fbe d2e8 

  0x041a8bec: ; ImmutableOopMap {[404]=Oop [88]=Oop [96]=Oop [124]=Oop [92]=Oop [200]=Oop }
              ;*invokeinterface add {reexecute=0 rethrow=0 return_oop=0}
              ; - jdk.internal.reflect.ClassFileAssembler::emitByte@5 (line 74)
              ; - jdk.internal.reflect.ClassFileAssembler::emitShort@10 (line 63)
              ; - jdk.internal.reflect.ClassFileAssembler::emitConstantPoolMethodref@8 (line 138)
              ; - jdk.internal.reflect.MethodAccessorGenerator::generate@402 (line 319)
  0x041a8bec: 207e e8fe | 8bb4 24c8 | 0000 008b | 4e18 83f9 | 000f 8415 | 0000 008b 

  0x041a8c04: ;   {metadata('jdk/internal/reflect/ByteVectorImpl')}
  0x041a8c04: 7904 817f | 24e0 e57e | 650f 8533 | 1500 00e9 | 0000 0000 | 8bd1 3b01 | 8b94 24a8 | 0000 0081 
  0x041a8c24: e2ff 0000 | 000f bed2 

  0x041a8c2c: ;   {optimized virtual_call}
  0x041a8c2c: 6666 90e8 

  0x041a8c30: ; ImmutableOopMap {[404]=Oop [88]=Oop [96]=Oop [124]=Oop [92]=Oop [200]=Oop }
              ;*invokeinterface add {reexecute=0 rethrow=0 return_oop=0}
              ; - jdk.internal.reflect.ClassFileAssembler::emitByte@5 (line 74)
              ; - jdk.internal.reflect.ClassFileAssembler::emitShort@20 (line 64)
              ; - jdk.internal.reflect.ClassFileAssembler::emitConstantPoolMethodref@8 (line 138)
              ; - jdk.internal.reflect.MethodAccessorGenerator::generate@402 (line 319)
  0x041a8c30: dc7d e8fe | 8bb4 24c8 | 0000 008b | 4e18 83f9 | 000f 8415 | 0000 008b 

  0x041a8c48: ;   {metadata('jdk/internal/reflect/ByteVectorImpl')}
  0x041a8c48: 7904 817f | 24e0 e57e | 650f 85f9 | 1400 00e9 | 0000 0000 | 8bd1 3b01 | 8b94 24cc | 0000 00c1 
  0x041a8c68: fa08 81e2 | ff00 0000 

  0x041a8c70: ;   {optimized virtual_call}
  0x041a8c70: 0fbe d2e8 

  0x041a8c74: ; ImmutableOopMap {[404]=Oop [88]=Oop [96]=Oop [124]=Oop [92]=Oop [200]=Oop }
              ;*invokeinterface add {reexecute=0 rethrow=0 return_oop=0}
              ; - jdk.internal.reflect.ClassFileAssembler::emitByte@5 (line 74)
              ; - jdk.internal.reflect.ClassFileAssembler::emitShort@10 (line 63)
              ; - jdk.internal.reflect.ClassFileAssembler::emitConstantPoolMethodref@13 (line 139)
              ; - jdk.internal.reflect.MethodAccessorGenerator::generate@402 (line 319)
  0x041a8c74: 987d e8fe | 8bb4 24c8 | 0000 008b | 4e18 83f9 | 000f 8415 | 0000 008b 

  0x041a8c8c: ;   {metadata('jdk/internal/reflect/ByteVectorImpl')}
  0x041a8c8c: 7904 817f | 24e0 e57e | 650f 85bf | 1400 00e9 | 0000 0000 | 8bd1 3b01 | 8b94 24cc | 0000 0081 
  0x041a8cac: e2ff 0000 | 000f bed2 

  0x041a8cb4: ;   {optimized virtual_call}
  0x041a8cb4: 6666 90e8 

  0x041a8cb8: ; ImmutableOopMap {[404]=Oop [88]=Oop [96]=Oop [124]=Oop [92]=Oop [200]=Oop }
              ;*invokeinterface add {reexecute=0 rethrow=0 return_oop=0}
              ; - jdk.internal.reflect.ClassFileAssembler::emitByte@5 (line 74)
              ; - jdk.internal.reflect.ClassFileAssembler::emitShort@20 (line 64)
              ; - jdk.internal.reflect.ClassFileAssembler::emitConstantPoolMethodref@13 (line 139)
              ; - jdk.internal.reflect.MethodAccessorGenerator::generate@402 (line 319)
  0x041a8cb8: 547d e8fe | 8bb4 24c8 | 0000 000f | bf56 1442 | 6689 5614 | e98f 0100 | 008b 716c | 89b4 24d0 
  0x041a8cd8: 0000 000f | bf79 1089 | bc24 d400 | 0000 0fbf | 5614 83fa | 000f 8495 | 0d00 008b | 5e18 c1e2 
  0x041a8cf8: 10c1 fa10 | 83fb 000f | 8415 0000 | 008b 7304 

  0x041a8d08: ;   {metadata('jdk/internal/reflect/ByteVectorImpl')}
  0x041a8d08: 817e 24e0 | e57e 650f | 8554 1400 | 00e9 0000 | 0000 8bc3 

  0x041a8d1c: ; implicit exception: dispatches to 0x041aa16e
  0x041a8d1c: 3b03 8994 | 24d8 0000 | 00ba 0a00 | 0000 8bcb 

  0x041a8d2c: ;   {optimized virtual_call}
  0x041a8d2c: 6666 90e8 

  0x041a8d30: ; ImmutableOopMap {[404]=Oop [88]=Oop [96]=Oop [124]=Oop [208]=Oop [92]=Oop }
              ;*invokeinterface add {reexecute=0 rethrow=0 return_oop=0}
              ; - jdk.internal.reflect.ClassFileAssembler::emitByte@5 (line 74)
              ; - jdk.internal.reflect.ClassFileAssembler::emitConstantPoolMethodref@3 (line 137)
              ; - jdk.internal.reflect.MethodAccessorGenerator::generate@423 (line 321)
  0x041a8d30: 0cfb deff | 8bb4 24d0 | 0000 008b | 4e18 83f9 | 000f 8415 | 0000 008b 

  0x041a8d48: ;   {metadata('jdk/internal/reflect/ByteVectorImpl')}
  0x041a8d48: 7904 817f | 24e0 e57e | 650f 851c | 1400 00e9 | 0000 0000 | 8bd1 3b01 | 8bbc 24d4 | 0000 00c1 
  0x041a8d68: ff08 81e7 | ff00 0000 | c1e7 18c1 | ff18 8bd7 

  0x041a8d78: ;   {optimized virtual_call}
  0x041a8d78: 6666 90e8 

  0x041a8d7c: ; ImmutableOopMap {[404]=Oop [88]=Oop [96]=Oop [124]=Oop [92]=Oop [208]=Oop }
              ;*invokeinterface add {reexecute=0 rethrow=0 return_oop=0}
              ; - jdk.internal.reflect.ClassFileAssembler::emitByte@5 (line 74)
              ; - jdk.internal.reflect.ClassFileAssembler::emitShort@10 (line 63)
              ; - jdk.internal.reflect.ClassFileAssembler::emitConstantPoolMethodref@8 (line 138)
              ; - jdk.internal.reflect.MethodAccessorGenerator::generate@423 (line 321)
  0x041a8d7c: c0fa deff | 8bb4 24d0 | 0000 008b | 4e18 83f9 | 000f 8415 | 0000 008b 

  0x041a8d94: ;   {metadata('jdk/internal/reflect/ByteVectorImpl')}
  0x041a8d94: 7904 817f | 24e0 e57e | 650f 85da | 1300 00e9 | 0000 0000 | 8bd1 3b01 | 8bbc 24d4 | 0000 0081 
  0x041a8db4: e7ff 0000 | 00c1 e718 | c1ff 188b 

  0x041a8dc0: ;   {optimized virtual_call}
  0x041a8dc0: d766 90e8 

  0x041a8dc4: ; ImmutableOopMap {[404]=Oop [88]=Oop [96]=Oop [124]=Oop [92]=Oop [208]=Oop }
              ;*invokeinterface add {reexecute=0 rethrow=0 return_oop=0}
              ; - jdk.internal.reflect.ClassFileAssembler::emitByte@5 (line 74)
              ; - jdk.internal.reflect.ClassFileAssembler::emitShort@20 (line 64)
              ; - jdk.internal.reflect.ClassFileAssembler::emitConstantPoolMethodref@8 (line 138)
              ; - jdk.internal.reflect.MethodAccessorGenerator::generate@423 (line 321)
  0x041a8dc4: 78fa deff | 8bb4 24d0 | 0000 008b | 4e18 83f9 | 000f 8415 | 0000 008b 

  0x041a8ddc: ;   {metadata('jdk/internal/reflect/ByteVectorImpl')}
  0x041a8ddc: 7904 817f | 24e0 e57e | 650f 859c | 1300 00e9 | 0000 0000 | 8bd1 3b01 | 8b94 24d8 | 0000 00c1 
  0x041a8dfc: fa08 81e2 | ff00 0000 

  0x041a8e04: ;   {optimized virtual_call}
  0x041a8e04: 0fbe d2e8 

  0x041a8e08: ; ImmutableOopMap {[404]=Oop [88]=Oop [96]=Oop [124]=Oop [92]=Oop [208]=Oop }
              ;*invokeinterface add {reexecute=0 rethrow=0 return_oop=0}
              ; - jdk.internal.reflect.ClassFileAssembler::emitByte@5 (line 74)
              ; - jdk.internal.reflect.ClassFileAssembler::emitShort@10 (line 63)
              ; - jdk.internal.reflect.ClassFileAssembler::emitConstantPoolMethodref@13 (line 139)
              ; - jdk.internal.reflect.MethodAccessorGenerator::generate@423 (line 321)
  0x041a8e08: 34fa deff | 8bb4 24d0 | 0000 008b | 4e18 83f9 | 000f 8415 | 0000 008b 

  0x041a8e20: ;   {metadata('jdk/internal/reflect/ByteVectorImpl')}
  0x041a8e20: 7904 817f | 24e0 e57e | 650f 8562 | 1300 00e9 | 0000 0000 | 8bd1 3b01 | 8b94 24d8 | 0000 0081 
  0x041a8e40: e2ff 0000 | 000f bed2 

  0x041a8e48: ;   {optimized virtual_call}
  0x041a8e48: 6666 90e8 

  0x041a8e4c: ; ImmutableOopMap {[404]=Oop [88]=Oop [96]=Oop [124]=Oop [92]=Oop [208]=Oop }
              ;*invokeinterface add {reexecute=0 rethrow=0 return_oop=0}
              ; - jdk.internal.reflect.ClassFileAssembler::emitByte@5 (line 74)
              ; - jdk.internal.reflect.ClassFileAssembler::emitShort@20 (line 64)
              ; - jdk.internal.reflect.ClassFileAssembler::emitConstantPoolMethodref@13 (line 139)
              ; - jdk.internal.reflect.MethodAccessorGenerator::generate@423 (line 321)
  0x041a8e4c: f0f9 deff | 8bb4 24d0 | 0000 000f | bf56 1442 | 6689 5614 | 8b4c 245c | 8b71 6c0f | bf56 1483 
  0x041a8e6c: fa00 0f84 | b00b 0000 | 8bbc 24a4 | 0100 00c1 | e210 c1fa | 1066 8951 | 6a83 ff00 | 0f84 1300 
  0x041a8e8c: ;   {oop("newInstance"{0x25dbe818})}
  0x041a8e8c: 0000 ba18 | e8db 258b 

  0x041a8e94: ;   {optimized virtual_call}
  0x041a8e94: ce66 90e8 

  0x041a8e98: ; ImmutableOopMap {[404]=Oop [88]=Oop [96]=Oop [124]=Oop [92]=Oop }
              ;*invokevirtual emitConstantPoolUTF8 {reexecute=0 rethrow=0 return_oop=0}
              ; - jdk.internal.reflect.MethodAccessorGenerator::generate@448 (line 326)
  0x041a8e98: a473 27ff | e90f 0000 

  0x041a8ea0: ;   {oop("invoke"{0x250ee138})}
  0x041a8ea0: 00ba 38e1 | 0e25 8bce 

  0x041a8ea8: ;   {optimized virtual_call}
  0x041a8ea8: 6666 90e8 

  0x041a8eac: ; ImmutableOopMap {[404]=Oop [88]=Oop [96]=Oop [124]=Oop [92]=Oop }
              ;*invokevirtual emitConstantPoolUTF8 {reexecute=0 rethrow=0 return_oop=0}
              ; - jdk.internal.reflect.MethodAccessorGenerator::generate@460 (line 328)
  0x041a8eac: 9073 27ff | 8b4c 245c | 8b71 6c0f | bf56 1483 | fa00 0f84 | fc0a 0000 | 8bbc 24a4 | 0100 00c1 
  0x041a8ecc: e210 c1fa | 1066 8951 | 7483 ff00 | 0f84 1300 

  0x041a8edc: ;   {oop("([Ljava/lang/Object;)Ljava/lang/Object;"{0x25dbe830})}
  0x041a8edc: 0000 ba30 | e8db 258b 

  0x041a8ee4: ;   {optimized virtual_call}
  0x041a8ee4: ce66 90e8 

  0x041a8ee8: ; ImmutableOopMap {[404]=Oop [88]=Oop [96]=Oop [124]=Oop [92]=Oop }
              ;*invokevirtual emitConstantPoolUTF8 {reexecute=0 rethrow=0 return_oop=0}
              ; - jdk.internal.reflect.MethodAccessorGenerator::generate@485 (line 332)
  0x041a8ee8: 5473 27ff | e90f 0000 

  0x041a8ef0: ;   {oop("(Ljava/lang/Object;[Ljava/lang/Object;)Ljava/lang/Object;"{0x25dbe848})}
  0x041a8ef0: 00ba 48e8 | db25 8bce 

  0x041a8ef8: ;   {optimized virtual_call}
  0x041a8ef8: 6666 90e8 

  0x041a8efc: ; ImmutableOopMap {[404]=Oop [88]=Oop [96]=Oop [124]=Oop [92]=Oop }
              ;*invokevirtual emitConstantPoolUTF8 {reexecute=0 rethrow=0 return_oop=0}
              ; - jdk.internal.reflect.MethodAccessorGenerator::generate@497 (line 335)
  0x041a8efc: 4073 27ff | 8b4c 245c | 8b51 6c0f | bf52 1483 | fa00 0f84 | 480a 0000 | 8bf2 c1e6 | 10c1 fe10 
  0x041a8f1c: 6689 7176 | 83fa 000f | 84cf 0900 | 0083 c602 | 0fbf f6c1 | e610 c1fe | 1066 8971 | 78be 0000 
  0x041a8f3c: 0000 8bbc | 2494 0100 | 0066 6690 

  0x041a8f48: ; implicit exception: dispatches to 0x041aa1aa
  0x041a8f48: 8b57 083b | f20f 8da0 | 0100 008b | 54b7 0c8b | 5a0c 83fb | 00bb 0000 | 0000 0f85 | 0500 0000 
  0x041a8f68: bb01 0000 | 0083 fb00 | 0f84 1c00 

  0x041a8f74: ;   {oop(a 'java/lang/Class'{0x250da6f8} = void)}
  0x041a8f74: 0000 bbf8 | a60d 253b | d3bb 0000 | 0000 0f84 | 0500 0000 | bb01 0000 | 00e9 0500 | 0000 bb00 
  0x041a8f94: 0000 0083 | e301 83fb | 0089 b424 | e000 0000 | 0f85 1e01 | 0000 8b59 | 6c8b caba | 0000 0000 
  0x041a8fb4: 899c 24dc 

  0x041a8fb8: ;   {static_call}
  0x041a8fb8: 0000 00e8 

  0x041a8fbc: ; ImmutableOopMap {[88]=Oop [96]=Oop [124]=Oop [404]=Oop [220]=Oop [92]=Oop }
              ;*invokestatic getClassName {reexecute=0 rethrow=0 return_oop=0}
              ; - jdk.internal.reflect.MethodAccessorGenerator::generate@557 (line 344)
  0x041a8fbc: 6039 5fff | 8b9c 24dc | 0000 003b | 038b d08b 

  0x041a8fcc: ;   {optimized virtual_call}
  0x041a8fcc: cb66 90e8 

  0x041a8fd0: ; ImmutableOopMap {[88]=Oop [96]=Oop [124]=Oop [404]=Oop [92]=Oop }
              ;*invokevirtual emitConstantPoolUTF8 {reexecute=0 rethrow=0 return_oop=0}
              ; - jdk.internal.reflect.MethodAccessorGenerator::generate@560 (line 344)
  0x041a8fd0: 6c72 27ff | 8b4c 245c | 8b71 6c89 | b424 e400 | 0000 0fbf | 5614 83fa | 000f 84a5 | 0800 008b 
  0x041a8ff0: 7e18 c1e2 | 10c1 fa10 | 83ff 000f | 8415 0000 | 008b 4704 

  0x041a9004: ;   {metadata('jdk/internal/reflect/ByteVectorImpl')}
  0x041a9004: 8178 24e0 | e57e 650f | 85ad 1100 | 00e9 0000 | 0000 8bdf 

  0x041a9018: ; implicit exception: dispatches to 0x041aa1c3
  0x041a9018: 3b07 8994 | 24e8 0000 | 00ba 0700 | 0000 8bcf 

  0x041a9028: ;   {optimized virtual_call}
  0x041a9028: 6666 90e8 

  0x041a902c: ; ImmutableOopMap {[88]=Oop [96]=Oop [124]=Oop [404]=Oop [228]=Oop [92]=Oop }
              ;*invokeinterface add {reexecute=0 rethrow=0 return_oop=0}
              ; - jdk.internal.reflect.ClassFileAssembler::emitByte@5 (line 74)
              ; - jdk.internal.reflect.ClassFileAssembler::emitConstantPoolClass@3 (line 113)
              ; - jdk.internal.reflect.MethodAccessorGenerator::generate@574 (line 345)
  0x041a902c: 10f8 deff | 8bb4 24e4 | 0000 008b | 4e18 83f9 | 000f 8415 | 0000 008b 

  0x041a9044: ;   {metadata('jdk/internal/reflect/ByteVectorImpl')}
  0x041a9044: 7904 817f | 24e0 e57e | 650f 8575 | 1100 00e9 | 0000 0000 | 8bd1 3b01 | 8b94 24e8 | 0000 00c1 
  0x041a9064: fa08 81e2 | ff00 0000 

  0x041a906c: ;   {optimized virtual_call}
  0x041a906c: 0fbe d2e8 

  0x041a9070: ; ImmutableOopMap {[88]=Oop [96]=Oop [124]=Oop [404]=Oop [92]=Oop [228]=Oop }
              ;*invokeinterface add {reexecute=0 rethrow=0 return_oop=0}
              ; - jdk.internal.reflect.ClassFileAssembler::emitByte@5 (line 74)
              ; - jdk.internal.reflect.ClassFileAssembler::emitShort@10 (line 63)
              ; - jdk.internal.reflect.ClassFileAssembler::emitConstantPoolClass@8 (line 114)
              ; - jdk.internal.reflect.MethodAccessorGenerator::generate@574 (line 345)
  0x041a9070: ccf7 deff | 8bb4 24e4 | 0000 008b | 4e18 83f9 | 000f 8415 | 0000 008b 

  0x041a9088: ;   {metadata('jdk/internal/reflect/ByteVectorImpl')}
  0x041a9088: 7904 817f | 24e0 e57e | 650f 853b | 1100 00e9 | 0000 0000 | 8bd1 3b01 | 8b94 24e8 | 0000 0081 
  0x041a90a8: e2ff 0000 | 000f bed2 

  0x041a90b0: ;   {optimized virtual_call}
  0x041a90b0: 6666 90e8 

  0x041a90b4: ; ImmutableOopMap {[88]=Oop [96]=Oop [124]=Oop [404]=Oop [92]=Oop [228]=Oop }
              ;*invokeinterface add {reexecute=0 rethrow=0 return_oop=0}
              ; - jdk.internal.reflect.ClassFileAssembler::emitByte@5 (line 74)
              ; - jdk.internal.reflect.ClassFileAssembler::emitShort@20 (line 64)
              ; - jdk.internal.reflect.ClassFileAssembler::emitConstantPoolClass@8 (line 114)
              ; - jdk.internal.reflect.MethodAccessorGenerator::generate@574 (line 345)
  0x041a90b4: 88f7 deff | 8bb4 24e4 | 0000 000f | bf4e 1441 | 6689 4e14 | 8bb4 24e0 | 0000 0046 | 648b 0c25 
  0x041a90d4: 0000 0000 | 8b49 f48b | 8950 0200 

  0x041a90e0: ; ImmutableOopMap {[88]=Oop [96]=Oop [124]=Oop [404]=Oop [92]=Oop }
              ;*goto {reexecute=1 rethrow=0 return_oop=0}
              ; - (reexecute) jdk.internal.reflect.MethodAccessorGenerator::generate@580 (line 341)
              ;   {poll}
  0x041a90e0: 0085 018b | bc24 9401 | 0000 8b4c | 245c e955 | feff ff8b 

  0x041a90f4: ;   {optimized virtual_call}
  0x041a90f4: 4c24 5ce8 

  0x041a90f8: ; ImmutableOopMap {[88]=Oop [96]=Oop [124]=Oop [92]=Oop }
              ;*invokevirtual emitCommonConstantPoolEntries {reexecute=0 rethrow=0 return_oop=0}
              ; - jdk.internal.reflect.MethodAccessorGenerator::generate@584 (line 350)
  0x041a90f8: 5422 a8ff | 8b44 246c | 83f8 000f | 840b 0000 | 008b 4c24 

  0x041a910c: ;   {optimized virtual_call}
  0x041a910c: 5c66 90e8 

  0x041a9110: ; ImmutableOopMap {[88]=Oop [96]=Oop [124]=Oop [92]=Oop }
              ;*invokevirtual emitBoxingContantPoolEntries {reexecute=0 rethrow=0 return_oop=0}
              ; - jdk.internal.reflect.MethodAccessorGenerator::generate@593 (line 354)
  0x041a9110: ec83 1000 | 8b4c 245c | 8b71 6c89 | b424 fc00 | 0000 0fbf | 5614 83fa | 000f 8401 | 0700 00c1 
  0x041a9130: e210 c1fa | 103b 5424 | 780f 84e2 

  0x041a913c: ;   {metadata('java/lang/InternalError')}
  0x041a913c: 0100 00ba | 580a 0365 | 648b 0c25 | 0000 0000 | 8b49 f48b | 81d0 0000 | 008d 7828 | 3bb9 d800 
  0x041a915c: 0000 0f87 | 7d10 0000 | 89b9 d000 | 0000 c700 | 0100 0000 | 8950 0433 | c9bf 0400 | 0000 894c 
  0x041a917c: f804 890c | f84f 75f6 | 8984 24ec 

  0x041a9188: ;   {metadata('java/lang/StringBuilder')}
  0x041a9188: 0000 00ba | f00b 0965 | 648b 0c25 | 0000 0000 | 8b49 f48b | 81d0 0000 | 008d 7818 | 3bb9 d800 
  0x041a91a8: 0000 0f87 | 3d10 0000 | 89b9 d000 | 0000 c700 | 0100 0000 | 8950 0433 | c989 4808 | 8948 0c89 
  0x041a91c8: 4810 8948 | 1489 8424 | f000 0000 | ba10 0000 

  0x041a91d8: ;   {optimized virtual_call}
  0x041a91d8: 008b c8e8 

  0x041a91dc: ; ImmutableOopMap {[236]=Oop [240]=Oop [92]=Oop }
              ;*invokespecial <init> {reexecute=0 rethrow=0 return_oop=0}
              ; - java.lang.StringBuilder::<init>@3 (line 106)
              ; - jdk.internal.reflect.MethodAccessorGenerator::generate@616 (line 358)
  0x041a91dc: 3078 e8fe 

  0x041a91e0: ;   {oop("Adjust this code (cpi = "{0x291fd518})}
  0x041a91e0: ba18 d51f | 298b 8c24 | f000 0000 

  0x041a91ec: ;   {optimized virtual_call}
  0x041a91ec: 6666 90e8 

  0x041a91f0: ; ImmutableOopMap {[236]=Oop [240]=Oop [92]=Oop }
              ;*invokespecial append {reexecute=0 rethrow=0 return_oop=0}
              ; - java.lang.StringBuilder::append@2 (line 179)
              ; - jdk.internal.reflect.MethodAccessorGenerator::generate@621 (line 358)
  0x041a91f0: 1c78 e8fe | 8b4c 245c | 8b51 6c0f | bf52 1483 | fa00 0f84 | c405 0000 | 8b84 24f0 | 0000 00c1 
  0x041a9210: e210 c1fa 

  0x041a9214: ;   {optimized virtual_call}
  0x041a9214: 108b c8e8 

  0x041a9218: ; ImmutableOopMap {[236]=Oop [240]=Oop }
              ;*invokespecial append {reexecute=0 rethrow=0 return_oop=0}
              ; - java.lang.StringBuilder::append@2 (line 253)
              ; - jdk.internal.reflect.MethodAccessorGenerator::generate@631 (line 358)
  0x041a9218: f477 e8fe 

  0x041a921c: ;   {oop(", numCPEntries = "{0x291fd530})}
  0x041a921c: ba30 d51f | 298b 8c24 | f000 0000 

  0x041a9228: ;   {optimized virtual_call}
  0x041a9228: 6666 90e8 

  0x041a922c: ; ImmutableOopMap {[236]=Oop [240]=Oop }
              ;*invokespecial append {reexecute=0 rethrow=0 return_oop=0}
              ; - java.lang.StringBuilder::append@2 (line 179)
              ; - jdk.internal.reflect.MethodAccessorGenerator::generate@636 (line 358)
  0x041a922c: e077 e8fe | 8b54 2478 | 8b8c 24f0 

  0x041a9238: ;   {optimized virtual_call}
  0x041a9238: 0000 00e8 

  0x041a923c: ; ImmutableOopMap {[236]=Oop [240]=Oop }
              ;*invokespecial append {reexecute=0 rethrow=0 return_oop=0}
              ; - java.lang.StringBuilder::append@2 (line 253)
              ; - jdk.internal.reflect.MethodAccessorGenerator::generate@641 (line 358)
  0x041a923c: d077 e8fe 

  0x041a9240: ;   {oop(")"{0x250dbe08})}
  0x041a9240: ba08 be0d | 258b 8c24 | f000 0000 

  0x041a924c: ;   {optimized virtual_call}
  0x041a924c: 6666 90e8 

  0x041a9250: ; ImmutableOopMap {[236]=Oop [240]=Oop }
              ;*invokespecial append {reexecute=0 rethrow=0 return_oop=0}
              ; - java.lang.StringBuilder::append@2 (line 179)
              ; - jdk.internal.reflect.MethodAccessorGenerator::generate@646 (line 358)
  0x041a9250: bc77 e8fe | 8b84 24f0 | 0000 000f | be50 0c83 | fa00 ba00 | 0000 000f | 8505 0000 | 00ba 0100 
  0x041a9270: 0000 83e2 | 0183 fa00 | 0f84 1d05 | 0000 8b58 | 108b 7008 | 83fe 000f | 850a 0000 

  0x041a928c: ;   {oop(""{0x250db400})}
  0x041a928c: 00be 00b4 | 0d25 e91b | 0500 0089 | b424 f400 

  0x041a929c: ;   {metadata('java/lang/String')}
  0x041a929c: 0000 ba18 | d100 6564 | 8b0c 2500 | 0000 008b | 49f4 8b81 | d000 0000 | 8d78 183b | b9d8 0000 
  0x041a92bc: 000f 873b | 0f00 0089 | b9d0 0000 | 00c7 0001 | 0000 0089 | 5004 33c9 | 8948 0889 | 480c 8948 
  0x041a92dc: 1089 4814 | 8bcb ba00 | 0000 008b | b424 f400 | 0000 8934 | 2489 8424 | f800 0000 

  0x041a92f8: ;   {static_call}
  0x041a92f8: 6666 90e8 

  0x041a92fc: ; ImmutableOopMap {[236]=Oop [248]=Oop }
              ;*invokestatic copyOfRange {reexecute=0 rethrow=0 return_oop=0}
              ; - java.lang.StringLatin1::newString@16 (line 769)
              ; - java.lang.StringBuilder::toString@16 (line 453)
              ; - jdk.internal.reflect.MethodAccessorGenerator::generate@649 (line 358)
  0x041a92fc: 907b e8fe | 8b94 24f8 | 0000 0089 | 4210 8bc2 | c1e8 09c6 | 8000 808b | 0200 c642 | 0c00 8bf2 
  0x041a931c: e991 0400 | 008b 5e18 | 83fb 000f | 8415 0000 | 008b 7b04 

  0x041a9330: ;   {metadata('jdk/internal/reflect/ByteVectorImpl')}
  0x041a9330: 817f 24e0 | e57e 650f | 85cd 0e00 | 00e9 0000 | 0000 8bf3 

  0x041a9344: ; implicit exception: dispatches to 0x041aa20f
  0x041a9344: 3b03 ba00 | 0000 008b 

  0x041a934c: ;   {optimized virtual_call}
  0x041a934c: cb66 90e8 

  0x041a9350: ; ImmutableOopMap {[252]=Oop [96]=Oop [92]=Oop [88]=Oop [124]=Oop }
              ;*invokeinterface add {reexecute=0 rethrow=0 return_oop=0}
              ; - jdk.internal.reflect.ClassFileAssembler::emitByte@5 (line 74)
              ; - jdk.internal.reflect.ClassFileAssembler::emitShort@10 (line 63)
              ; - jdk.internal.reflect.MethodAccessorGenerator::generate@661 (line 363)
  0x041a9350: ecf4 deff | 8bb4 24fc | 0000 008b | 4e18 83f9 | 000f 8415 | 0000 008b 

  0x041a9368: ;   {metadata('jdk/internal/reflect/ByteVectorImpl')}
  0x041a9368: 7104 817e | 24e0 e57e | 650f 859d | 0e00 00e9 | 0000 0000 | 8bd1 3b01 | ba01 0000 

  0x041a9384: ;   {optimized virtual_call}
  0x041a9384: 0066 90e8 

  0x041a9388: ; ImmutableOopMap {[96]=Oop [92]=Oop [88]=Oop [124]=Oop }
              ;*invokeinterface add {reexecute=0 rethrow=0 return_oop=0}
              ; - jdk.internal.reflect.ClassFileAssembler::emitByte@5 (line 74)
              ; - jdk.internal.reflect.ClassFileAssembler::emitShort@20 (line 64)
              ; - jdk.internal.reflect.MethodAccessorGenerator::generate@661 (line 363)
  0x041a9388: b4f4 deff | 8b4c 245c | 8b71 6c89 | b424 0001 | 0000 0fbf | 790c 8b5e | 1883 fb00 | 0f84 1500 
  0x041a93a8: 0000 8b43 

  0x041a93ac: ;   {metadata('jdk/internal/reflect/ByteVectorImpl')}
  0x041a93ac: 0481 7824 | e0e5 7e65 | 0f85 690e | 0000 e900 | 0000 008b | d33b 038b | d7c1 fa08 | 81e2 ff00 
  0x041a93cc: 0000 0fbe | d28b cb89 | bc24 0401 

  0x041a93d8: ;   {optimized virtual_call}
  0x041a93d8: 0000 90e8 

  0x041a93dc: ; ImmutableOopMap {[96]=Oop [88]=Oop [124]=Oop [256]=Oop [92]=Oop }
              ;*invokeinterface add {reexecute=0 rethrow=0 return_oop=0}
              ; - jdk.internal.reflect.ClassFileAssembler::emitByte@5 (line 74)
              ; - jdk.internal.reflect.ClassFileAssembler::emitShort@10 (line 63)
              ; - jdk.internal.reflect.MethodAccessorGenerator::generate@672 (line 366)
  0x041a93dc: 60f4 deff | 8bb4 2400 | 0100 008b | 4e18 83f9 | 000f 8415 | 0000 008b 

  0x041a93f4: ;   {metadata('jdk/internal/reflect/ByteVectorImpl')}
  0x041a93f4: 7104 817e | 24e0 e57e | 650f 852a | 0e00 00e9 | 0000 0000 | 8bd1 3b01 | 8bbc 2404 | 0100 0081 
  0x041a9414: e7ff 0000 | 00c1 e718 | c1ff 188b 

  0x041a9420: ;   {optimized virtual_call}
  0x041a9420: d766 90e8 

  0x041a9424: ; ImmutableOopMap {[96]=Oop [88]=Oop [124]=Oop [92]=Oop }
              ;*invokeinterface add {reexecute=0 rethrow=0 return_oop=0}
              ; - jdk.internal.reflect.ClassFileAssembler::emitByte@5 (line 74)
              ; - jdk.internal.reflect.ClassFileAssembler::emitShort@20 (line 64)
              ; - jdk.internal.reflect.MethodAccessorGenerator::generate@672 (line 366)
  0x041a9424: 18f4 deff | 8b4c 245c | 8b71 6c89 | b424 0801 | 0000 0fbf | 790e 8b5e | 1883 fb00 | 0f84 1500 
  0x041a9444: 0000 8b43 

  0x041a9448: ;   {metadata('jdk/internal/reflect/ByteVectorImpl')}
  0x041a9448: 0481 7824 | e0e5 7e65 | 0f85 e60d | 0000 e900 | 0000 008b | d33b 038b | d7c1 fa08 | 81e2 ff00 
  0x041a9468: 0000 0fbe | d28b cb89 | bc24 0c01 

  0x041a9474: ;   {optimized virtual_call}
  0x041a9474: 0000 90e8 

  0x041a9478: ; ImmutableOopMap {[96]=Oop [88]=Oop [124]=Oop [264]=Oop [92]=Oop }
              ;*invokeinterface add {reexecute=0 rethrow=0 return_oop=0}
              ; - jdk.internal.reflect.ClassFileAssembler::emitByte@5 (line 74)
              ; - jdk.internal.reflect.ClassFileAssembler::emitShort@10 (line 63)
              ; - jdk.internal.reflect.MethodAccessorGenerator::generate@683 (line 369)
  0x041a9478: c4f3 deff | 8bb4 2408 | 0100 008b | 4e18 83f9 | 000f 8415 | 0000 008b 

  0x041a9490: ;   {metadata('jdk/internal/reflect/ByteVectorImpl')}
  0x041a9490: 7104 817e | 24e0 e57e | 650f 85a7 | 0d00 00e9 | 0000 0000 | 8bd1 3b01 | 8bbc 240c | 0100 0081 
  0x041a94b0: e7ff 0000 | 00c1 e718 | c1ff 188b 

  0x041a94bc: ;   {optimized virtual_call}
  0x041a94bc: d766 90e8 

  0x041a94c0: ; ImmutableOopMap {[96]=Oop [88]=Oop [124]=Oop [92]=Oop }
              ;*invokeinterface add {reexecute=0 rethrow=0 return_oop=0}
              ; - jdk.internal.reflect.ClassFileAssembler::emitByte@5 (line 74)
              ; - jdk.internal.reflect.ClassFileAssembler::emitShort@20 (line 64)
              ; - jdk.internal.reflect.MethodAccessorGenerator::generate@683 (line 369)
  0x041a94c0: 7cf3 deff | 8b4c 245c | 8b71 6c8b | 7e18 83ff | 000f 8415 | 0000 008b 

  0x041a94d8: ;   {metadata('jdk/internal/reflect/ByteVectorImpl')}
  0x041a94d8: 5f04 817b | 24e0 e57e | 650f 856e | 0d00 00e9 | 0000 0000 | 8bd7 3b07 | ba00 0000 | 008b cf89 
  0x041a94f8: b424 1001 

  0x041a94fc: ;   {optimized virtual_call}
  0x041a94fc: 0000 90e8 

  0x041a9500: ; ImmutableOopMap {[96]=Oop [88]=Oop [124]=Oop [272]=Oop [92]=Oop }
              ;*invokeinterface add {reexecute=0 rethrow=0 return_oop=0}
              ; - jdk.internal.reflect.ClassFileAssembler::emitByte@5 (line 74)
              ; - jdk.internal.reflect.ClassFileAssembler::emitShort@10 (line 63)
              ; - jdk.internal.reflect.MethodAccessorGenerator::generate@691 (line 372)
  0x041a9500: 3cf3 deff | 8bb4 2410 | 0100 008b | 4e18 83f9 | 000f 8415 | 0000 008b 

  0x041a9518: ;   {metadata('jdk/internal/reflect/ByteVectorImpl')}
  0x041a9518: 7104 817e | 24e0 e57e | 650f 8538 | 0d00 00e9 | 0000 0000 | 8bd1 3b01 | ba00 0000 

  0x041a9534: ;   {optimized virtual_call}
  0x041a9534: 0066 90e8 

  0x041a9538: ; ImmutableOopMap {[96]=Oop [88]=Oop [124]=Oop [92]=Oop }
              ;*invokeinterface add {reexecute=0 rethrow=0 return_oop=0}
              ; - jdk.internal.reflect.ClassFileAssembler::emitByte@5 (line 74)
              ; - jdk.internal.reflect.ClassFileAssembler::emitShort@20 (line 64)
              ; - jdk.internal.reflect.MethodAccessorGenerator::generate@691 (line 372)
  0x041a9538: 04f3 deff | 8b4c 245c | 8b71 6c8b | 7e18 83ff | 000f 8415 | 0000 008b 

  0x041a9550: ;   {metadata('jdk/internal/reflect/ByteVectorImpl')}
  0x041a9550: 5f04 817b | 24e0 e57e | 650f 850f | 0d00 00e9 | 0000 0000 | 8bd7 3b07 | ba00 0000 | 008b cf89 
  0x041a9570: b424 1401 

  0x041a9574: ;   {optimized virtual_call}
  0x041a9574: 0000 90e8 

  0x041a9578: ; ImmutableOopMap {[96]=Oop [88]=Oop [124]=Oop [92]=Oop [276]=Oop }
              ;*invokeinterface add {reexecute=0 rethrow=0 return_oop=0}
              ; - jdk.internal.reflect.ClassFileAssembler::emitByte@5 (line 74)
              ; - jdk.internal.reflect.ClassFileAssembler::emitShort@10 (line 63)
              ; - jdk.internal.reflect.MethodAccessorGenerator::generate@699 (line 375)
  0x041a9578: c4f2 deff | 8bb4 2414 | 0100 008b | 4e18 83f9 | 000f 8415 | 0000 008b 

  0x041a9590: ;   {metadata('jdk/internal/reflect/ByteVectorImpl')}
  0x041a9590: 7104 817e | 24e0 e57e | 650f 85d9 | 0c00 00e9 | 0000 0000 | 8bd1 3b01 | ba00 0000 

  0x041a95ac: ;   {optimized virtual_call}
  0x041a95ac: 0066 90e8 

  0x041a95b0: ; ImmutableOopMap {[96]=Oop [88]=Oop [124]=Oop [92]=Oop }
              ;*invokeinterface add {reexecute=0 rethrow=0 return_oop=0}
              ; - jdk.internal.reflect.ClassFileAssembler::emitByte@5 (line 74)
              ; - jdk.internal.reflect.ClassFileAssembler::emitShort@20 (line 64)
              ; - jdk.internal.reflect.MethodAccessorGenerator::generate@699 (line 375)
  0x041a95b0: 8cf2 deff | 8b4c 245c | 8b71 6c8b | 7e18 83ff | 000f 8415 | 0000 008b 

  0x041a95c8: ;   {metadata('jdk/internal/reflect/ByteVectorImpl')}
  0x041a95c8: 5f04 817b | 24e0 e57e | 650f 85b0 | 0c00 00e9 | 0000 0000 | 8bd7 3b07 | ba00 0000 | 008b cf89 
  0x041a95e8: b424 1801 

  0x041a95ec: ;   {optimized virtual_call}
  0x041a95ec: 0000 90e8 

  0x041a95f0: ; ImmutableOopMap {[96]=Oop [88]=Oop [124]=Oop [280]=Oop [92]=Oop }
              ;*invokeinterface add {reexecute=0 rethrow=0 return_oop=0}
              ; - jdk.internal.reflect.ClassFileAssembler::emitByte@5 (line 74)
              ; - jdk.internal.reflect.ClassFileAssembler::emitShort@10 (line 63)
              ; - jdk.internal.reflect.MethodAccessorGenerator::generate@707 (line 378)
  0x041a95f0: 4cf2 deff | 8bb4 2418 | 0100 008b | 4e18 83f9 | 000f 8415 | 0000 008b 

  0x041a9608: ;   {metadata('jdk/internal/reflect/ByteVectorImpl')}
  0x041a9608: 7104 817e | 24e0 e57e | 650f 857a | 0c00 00e9 | 0000 0000 | 8bd1 3b01 | ba02 0000 

  0x041a9624: ;   {optimized virtual_call}
  0x041a9624: 0066 90e8 

  0x041a9628: ; ImmutableOopMap {[96]=Oop [88]=Oop [124]=Oop [92]=Oop }
              ;*invokeinterface add {reexecute=0 rethrow=0 return_oop=0}
              ; - jdk.internal.reflect.ClassFileAssembler::emitByte@5 (line 74)
              ; - jdk.internal.reflect.ClassFileAssembler::emitShort@20 (line 64)
              ; - jdk.internal.reflect.MethodAccessorGenerator::generate@707 (line 378)
  0x041a9628: 14f2 deff | 8b4c 245c 

  0x041a9630: ;   {optimized virtual_call}
  0x041a9630: 6666 90e8 

  0x041a9634: ; ImmutableOopMap {[96]=Oop [88]=Oop [124]=Oop [92]=Oop }
              ;*invokevirtual emitConstructor {reexecute=0 rethrow=0 return_oop=0}
              ; - jdk.internal.reflect.MethodAccessorGenerator::generate@711 (line 380)
  0x041a9634: 18b0 94ff | 8b4c 245c 

  0x041a963c: ;   {optimized virtual_call}
  0x041a963c: 6666 90e8 

  0x041a9640: ; ImmutableOopMap {[96]=Oop [88]=Oop [124]=Oop [92]=Oop }
              ;*invokevirtual emitInvoke {reexecute=0 rethrow=0 return_oop=0}
              ; - jdk.internal.reflect.MethodAccessorGenerator::generate@715 (line 381)
  0x041a9640: ec76 1fff | 8b4c 245c | 8b71 6c8b | 7e18 83ff | 000f 8415 | 0000 008b 

  0x041a9658: ;   {metadata('jdk/internal/reflect/ByteVectorImpl')}
  0x041a9658: 5f04 817b | 24e0 e57e | 650f 8539 | 0c00 00e9 | 0000 0000 | 8bd7 3b07 | ba00 0000 | 008b cf89 
  0x041a9678: b424 1c01 

  0x041a967c: ;   {optimized virtual_call}
  0x041a967c: 0000 90e8 

  0x041a9680: ; ImmutableOopMap {[96]=Oop [88]=Oop [124]=Oop [92]=Oop [284]=Oop }
              ;*invokeinterface add {reexecute=0 rethrow=0 return_oop=0}
              ; - jdk.internal.reflect.ClassFileAssembler::emitByte@5 (line 74)
              ; - jdk.internal.reflect.ClassFileAssembler::emitShort@10 (line 63)
              ; - jdk.internal.reflect.MethodAccessorGenerator::generate@723 (line 384)
  0x041a9680: bcf1 deff | 8bb4 241c | 0100 008b | 4e18 83f9 | 000f 8415 | 0000 008b 

  0x041a9698: ;   {metadata('jdk/internal/reflect/ByteVectorImpl')}
  0x041a9698: 7104 817e | 24e0 e57e | 650f 8503 | 0c00 00e9 | 0000 0000 | 8bd1 3b01 | ba00 0000 

  0x041a96b4: ;   {optimized virtual_call}
  0x041a96b4: 0066 90e8 

  0x041a96b8: ; ImmutableOopMap {[96]=Oop [88]=Oop [124]=Oop [92]=Oop }
              ;*invokeinterface add {reexecute=0 rethrow=0 return_oop=0}
              ; - jdk.internal.reflect.ClassFileAssembler::emitByte@5 (line 74)
              ; - jdk.internal.reflect.ClassFileAssembler::emitShort@20 (line 64)
              ; - jdk.internal.reflect.MethodAccessorGenerator::generate@723 (line 384)
  0x041a96b8: 84f1 deff | 8b4c 2460 

  0x041a96c0: ;   {optimized virtual_call}
  0x041a96c0: 6666 90e8 

  0x041a96c4: ; ImmutableOopMap {[96]=Oop [88]=Oop [124]=Oop [92]=Oop }
              ;*invokeinterface trim {reexecute=0 rethrow=0 return_oop=0}
              ; - jdk.internal.reflect.MethodAccessorGenerator::generate@728 (line 387)
  0x041a96c4: f81e f5ff | 8b44 2460 

  0x041a96cc: ;   {metadata('jdk/internal/reflect/MethodAccessorGenerator$1')}
  0x041a96cc: 8b58 0cba | c84a 7f65 | 648b 0c25 | 0000 0000 | 8b49 f48b | 81d0 0000 | 008d 7818 | 3bb9 d800 
  0x041a96ec: 0000 0f87 | c00b 0000 | 89b9 d000 | 0000 c700 | 0100 0000 | 8950 0433 | c989 4808 | 8948 0c89 
  0x041a970c: 4810 8948 | 148b 4c24 | 5c89 4814 | 8bf0 c1ee | 09c6 8600 | 808b 0200 | 8b74 247c | 8970 088b 
  0x041a972c: f0c1 ee09 | c686 0080 | 8b02 0089 | 580c 8bf0 | c1ee 09c6 | 8600 808b | 0200 8b54 | 2458 8950 
  0x041a974c: 108b f0c1 | ee09 c686 | 0080 8b02 | 0089 8424 | 2001 0000 

  0x041a9760: ;   {static_call}
  0x041a9760: 6666 90e8 

  0x041a9764: ; ImmutableOopMap {[288]=Oop }
              ;*invokestatic getCallerClass {reexecute=0 rethrow=0 return_oop=0}
              ; - java.security.AccessController::doPrivileged@2 (line 318)
              ; - jdk.internal.reflect.MethodAccessorGenerator::generate@755 (line 394)
  0x041a9764: c83a f3fe | 8b8c 2420 | 0100 0089 | 8424 2401 

  0x041a9774: ;   {optimized virtual_call}
  0x041a9774: 0000 90e8 

  0x041a9778: ; ImmutableOopMap {[292]=Oop }
              ;*invokevirtual run {reexecute=0 rethrow=0 return_oop=0}
              ; - jdk.internal.reflect.MethodAccessorGenerator$1::run@1 (line 395)
              ; - java.security.AccessController::executePrivileged@29 (line 776)
              ; - java.security.AccessController::doPrivileged@5 (line 318)
              ; - jdk.internal.reflect.MethodAccessorGenerator::generate@755 (line 394)
  0x041a9778: c498 a8ff | 81c4 8801 | 0000 5d64 | 8b1c 2500 | 0000 008b 

  0x041a978c: ;   {poll_return}
  0x041a978c: 5bf4 3ba3 | 4c02 0000 | 0f87 260b | 0000 c38b | 4810 8b70 | 08ba 0000 | 0000 8934 

  0x041a97a8: ;   {static_call}
  0x041a97a8: 2466 90e8 

  0x041a97ac: ; ImmutableOopMap {[236]=Oop }
              ;*invokestatic newString {reexecute=0 rethrow=0 return_oop=0}
              ; - java.lang.StringBuilder::toString@31 (line 454)
              ; - jdk.internal.reflect.MethodAccessorGenerator::generate@649 (line 358)
  0x041a97ac: e076 e8fe | 8bf0 8bd6 | 8b8c 24ec 

  0x041a97b8: ;   {optimized virtual_call}
  0x041a97b8: 0000 00e8 

  0x041a97bc: ; ImmutableOopMap {[236]=Oop }
              ;*invokespecial <init> {reexecute=0 rethrow=0 return_oop=0}
              ; - jdk.internal.reflect.MethodAccessorGenerator::generate@652 (line 358)
  0x041a97bc: 5072 e8fe | 8b84 24ec | 0000 00e9 | 2a0c 0000 

  0x041a97cc: ;   {metadata('java/lang/RuntimeException')}
  0x041a97cc: ba90 5202 | 6564 8b0c | 2500 0000 | 008b 49f4 | 8b81 d000 | 0000 8d78 | 203b b9d8 | 0000 000f 
  0x041a97ec: 87ee 0a00 | 0089 b9d0 | 0000 00c7 | 0001 0000 | 0089 5004 | 33c9 bf03 | 0000 0089 | 4cf8 0489 
  0x041a980c: 0cf8 4f75 

  0x041a9810: ;   {oop("Illegal use of ClassFileAssembler"{0x25ec4ea0})}
  0x041a9810: f6ba a04e | ec25 8bc8 | 8984 2428 

  0x041a981c: ;   {optimized virtual_call}
  0x041a981c: 0100 00e8 

  0x041a9820: ; ImmutableOopMap {[240]=Oop [296]=Oop [236]=Oop }
              ;*invokespecial <init> {reexecute=0 rethrow=0 return_oop=0}
              ; - jdk.internal.reflect.ClassFileAssembler::cpi@13 (line 95)
              ; - jdk.internal.reflect.MethodAccessorGenerator::generate@628 (line 358)
  0x041a9820: ec71 e8fe | 8b84 2428 | 0100 00e9 | c60b 0000 

  0x041a9830: ;   {metadata('java/lang/RuntimeException')}
  0x041a9830: ba90 5202 | 6564 8b0c | 2500 0000 | 008b 49f4 | 8b81 d000 | 0000 8d78 | 203b b9d8 | 0000 000f 
  0x041a9850: 8796 0a00 | 0089 b9d0 | 0000 00c7 | 0001 0000 | 0089 5004 | 33c9 bf03 | 0000 0089 | 4cf8 0489 
  0x041a9870: 0cf8 4f75 

  0x041a9874: ;   {oop("Illegal use of ClassFileAssembler"{0x25ec4ea0})}
  0x041a9874: f6ba a04e | ec25 8bc8 | 8984 242c 

  0x041a9880: ;   {optimized virtual_call}
  0x041a9880: 0100 00e8 

  0x041a9884: ; ImmutableOopMap {[124]=Oop [88]=Oop [92]=Oop [96]=Oop [300]=Oop }
              ;*invokespecial <init> {reexecute=0 rethrow=0 return_oop=0}
              ; - jdk.internal.reflect.ClassFileAssembler::cpi@13 (line 95)
              ; - jdk.internal.reflect.MethodAccessorGenerator::generate@600 (line 357)
  0x041a9884: 8871 e8fe | 8b84 242c | 0100 00e9 | 620b 0000 

  0x041a9894: ;   {metadata('java/lang/RuntimeException')}
  0x041a9894: ba90 5202 | 6564 8b0c | 2500 0000 | 008b 49f4 | 8b81 d000 | 0000 8d78 | 203b b9d8 | 0000 000f 
  0x041a98b4: 873e 0a00 | 0089 b9d0 | 0000 00c7 | 0001 0000 | 0089 5004 | 33c9 bf03 | 0000 0089 | 4cf8 0489 
  0x041a98d4: 0cf8 4f75 

  0x041a98d8: ;   {oop("Illegal use of ClassFileAssembler"{0x25ec4ea0})}
  0x041a98d8: f6ba a04e | ec25 8bc8 | 8984 2430 

  0x041a98e4: ;   {optimized virtual_call}
  0x041a98e4: 0100 00e8 

  0x041a98e8: ; ImmutableOopMap {[404]=Oop [96]=Oop [92]=Oop [88]=Oop [124]=Oop [228]=Oop [304]=Oop }
              ;*invokespecial <init> {reexecute=0 rethrow=0 return_oop=0}
              ; - jdk.internal.reflect.ClassFileAssembler::cpi@13 (line 95)
              ; - jdk.internal.reflect.MethodAccessorGenerator::generate@571 (line 345)
  0x041a98e8: 2471 e8fe | 8b84 2430 | 0100 00e9 | fe0a 0000 

  0x041a98f8: ;   {metadata('java/lang/RuntimeException')}
  0x041a98f8: ba90 5202 | 6564 8b0c | 2500 0000 | 008b 49f4 | 8b81 d000 | 0000 8d78 | 203b b9d8 | 0000 000f 
  0x041a9918: 87e6 0900 | 0089 b9d0 | 0000 00c7 | 0001 0000 | 0089 5004 | 33c9 bf03 | 0000 0089 | 4cf8 0489 
  0x041a9938: 0cf8 4f75 

  0x041a993c: ;   {oop("Illegal use of ClassFileAssembler"{0x25ec4ea0})}
  0x041a993c: f6ba a04e | ec25 8bc8 | 8984 2434 

  0x041a9948: ;   {optimized virtual_call}
  0x041a9948: 0100 00e8 

  0x041a994c: ; ImmutableOopMap {[124]=Oop [88]=Oop [92]=Oop [96]=Oop [404]=Oop [308]=Oop }
              ;*invokespecial <init> {reexecute=0 rethrow=0 return_oop=0}
              ; - jdk.internal.reflect.ClassFileAssembler::cpi@13 (line 95)
              ; - jdk.internal.reflect.MethodAccessorGenerator::generate@516 (line 340)
  0x041a994c: c070 e8fe | 8b84 2434 | 0100 00e9 | 9a0a 0000 

  0x041a995c: ;   {metadata('java/lang/RuntimeException')}
  0x041a995c: ba90 5202 | 6564 8b0c | 2500 0000 | 008b 49f4 | 8b81 d000 | 0000 8d78 | 203b b9d8 | 0000 000f 
  0x041a997c: 878e 0900 | 0089 b9d0 | 0000 00c7 | 0001 0000 | 0089 5004 | 33c9 bf03 | 0000 0089 | 4cf8 0489 
  0x041a999c: 0cf8 4f75 

  0x041a99a0: ;   {oop("Illegal use of ClassFileAssembler"{0x25ec4ea0})}
  0x041a99a0: f6ba a04e | ec25 8bc8 | 8984 2438 

  0x041a99ac: ;   {optimized virtual_call}
  0x041a99ac: 0100 00e8 

  0x041a99b0: ; ImmutableOopMap {[404]=Oop [96]=Oop [92]=Oop [88]=Oop [124]=Oop [312]=Oop }
              ;*invokespecial <init> {reexecute=0 rethrow=0 return_oop=0}
              ; - jdk.internal.reflect.ClassFileAssembler::cpi@13 (line 95)
              ; - jdk.internal.reflect.MethodAccessorGenerator::generate@505 (line 337)
  0x041a99b0: 5c70 e8fe | 8b84 2438 | 0100 00e9 | 360a 0000 

  0x041a99c0: ;   {metadata('java/lang/RuntimeException')}
  0x041a99c0: ba90 5202 | 6564 8b0c | 2500 0000 | 008b 49f4 | 8b81 d000 | 0000 8d78 | 203b b9d8 | 0000 000f 
  0x041a99e0: 8736 0900 | 0089 b9d0 | 0000 00c7 | 0001 0000 | 0089 5004 | 33c9 bf03 | 0000 0089 | 4cf8 0489 
  0x041a9a00: 0cf8 4f75 

  0x041a9a04: ;   {oop("Illegal use of ClassFileAssembler"{0x25ec4ea0})}
  0x041a9a04: f6ba a04e | ec25 8bc8 | 8984 243c 

  0x041a9a10: ;   {optimized virtual_call}
  0x041a9a10: 0100 00e8 

  0x041a9a14: ; ImmutableOopMap {[124]=Oop [88]=Oop [92]=Oop [96]=Oop [404]=Oop [316]=Oop }
              ;*invokespecial <init> {reexecute=0 rethrow=0 return_oop=0}
              ; - jdk.internal.reflect.ClassFileAssembler::cpi@13 (line 95)
              ; - jdk.internal.reflect.MethodAccessorGenerator::generate@468 (line 330)
  0x041a9a14: f86f e8fe | 8b84 243c | 0100 00e9 | d209 0000 

  0x041a9a24: ;   {metadata('java/lang/RuntimeException')}
  0x041a9a24: ba90 5202 | 6564 8b0c | 2500 0000 | 008b 49f4 | 8b81 d000 | 0000 8d78 | 203b b9d8 | 0000 000f 
  0x041a9a44: 87de 0800 | 0089 b9d0 | 0000 00c7 | 0001 0000 | 0089 5004 | 33c9 bf03 | 0000 0089 | 4cf8 0489 
  0x041a9a64: 0cf8 4f75 

  0x041a9a68: ;   {oop("Illegal use of ClassFileAssembler"{0x25ec4ea0})}
  0x041a9a68: f6ba a04e | ec25 8bc8 | 8984 2440 

  0x041a9a74: ;   {optimized virtual_call}
  0x041a9a74: 0100 00e8 

  0x041a9a78: ; ImmutableOopMap {[404]=Oop [96]=Oop [92]=Oop [88]=Oop [124]=Oop [320]=Oop }
              ;*invokespecial <init> {reexecute=0 rethrow=0 return_oop=0}
              ; - jdk.internal.reflect.ClassFileAssembler::cpi@13 (line 95)
              ; - jdk.internal.reflect.MethodAccessorGenerator::generate@431 (line 324)
  0x041a9a78: 946f e8fe | 8b84 2440 | 0100 00e9 | 6e09 0000 

  0x041a9a88: ;   {metadata('java/lang/RuntimeException')}
  0x041a9a88: ba90 5202 | 6564 8b0c | 2500 0000 | 008b 49f4 | 8b81 d000 | 0000 8d78 | 203b b9d8 | 0000 000f 
  0x041a9aa8: 8786 0800 | 0089 b9d0 | 0000 00c7 | 0001 0000 | 0089 5004 | 33c9 bf03 | 0000 0089 | 4cf8 0489 
  0x041a9ac8: 0cf8 4f75 

  0x041a9acc: ;   {oop("Illegal use of ClassFileAssembler"{0x25ec4ea0})}
  0x041a9acc: f6ba a04e | ec25 8bc8 | 8984 2444 

  0x041a9ad8: ;   {optimized virtual_call}
  0x041a9ad8: 0100 00e8 

  0x041a9adc: ; ImmutableOopMap {[124]=Oop [88]=Oop [92]=Oop [96]=Oop [404]=Oop [208]=Oop [324]=Oop }
              ;*invokespecial <init> {reexecute=0 rethrow=0 return_oop=0}
              ; - jdk.internal.reflect.ClassFileAssembler::cpi@13 (line 95)
              ; - jdk.internal.reflect.MethodAccessorGenerator::generate@420 (line 321)
  0x041a9adc: 306f e8fe | 8b84 2444 | 0100 00e9 | 0a09 0000 

  0x041a9aec: ;   {metadata('java/lang/RuntimeException')}
  0x041a9aec: ba90 5202 | 6564 8b0c | 2500 0000 | 008b 49f4 | 8b81 d000 | 0000 8d78 | 203b b9d8 | 0000 000f 
  0x041a9b0c: 872e 0800 | 0089 b9d0 | 0000 00c7 | 0001 0000 | 0089 5004 | 33c9 bf03 | 0000 0089 | 4cf8 0489 
  0x041a9b2c: 0cf8 4f75 

  0x041a9b30: ;   {oop("Illegal use of ClassFileAssembler"{0x25ec4ea0})}
  0x041a9b30: f6ba a04e | ec25 8bc8 | 8984 2448 

  0x041a9b3c: ;   {optimized virtual_call}
  0x041a9b3c: 0100 00e8 

  0x041a9b40: ; ImmutableOopMap {[404]=Oop [96]=Oop [92]=Oop [88]=Oop [124]=Oop [328]=Oop [200]=Oop }
              ;*invokespecial <init> {reexecute=0 rethrow=0 return_oop=0}
              ; - jdk.internal.reflect.ClassFileAssembler::cpi@13 (line 95)
              ; - jdk.internal.reflect.MethodAccessorGenerator::generate@399 (line 319)
  0x041a9b40: cc6e e8fe | 8b84 2448 | 0100 00e9 | a608 0000 

  0x041a9b50: ;   {metadata('java/lang/RuntimeException')}
  0x041a9b50: ba90 5202 | 6564 8b0c | 2500 0000 | 008b 49f4 | 8b81 d000 | 0000 8d78 | 203b b9d8 | 0000 000f 
  0x041a9b70: 87d6 0700 | 0089 b9d0 | 0000 00c7 | 0001 0000 | 0089 5004 | 33c9 bf03 | 0000 0089 | 4cf8 0489 
  0x041a9b90: 0cf8 4f75 

  0x041a9b94: ;   {oop("Illegal use of ClassFileAssembler"{0x25ec4ea0})}
  0x041a9b94: f6ba a04e | ec25 8bc8 | 8984 244c 

  0x041a9ba0: ;   {optimized virtual_call}
  0x041a9ba0: 0100 00e8 

  0x041a9ba4: ; ImmutableOopMap {[124]=Oop [88]=Oop [92]=Oop [96]=Oop [404]=Oop [188]=Oop [332]=Oop }
              ;*invokespecial <init> {reexecute=0 rethrow=0 return_oop=0}
              ; - jdk.internal.reflect.ClassFileAssembler::cpi@13 (line 95)
              ; - jdk.internal.reflect.MethodAccessorGenerator::generate@375 (line 316)
  0x041a9ba4: 686e e8fe | 8b84 244c | 0100 00e9 | 4208 0000 

  0x041a9bb4: ;   {metadata('java/lang/RuntimeException')}
  0x041a9bb4: ba90 5202 | 6564 8b0c | 2500 0000 | 008b 49f4 | 8b81 d000 | 0000 8d78 | 203b b9d8 | 0000 000f 
  0x041a9bd4: 877e 0700 | 0089 b9d0 | 0000 00c7 | 0001 0000 | 0089 5004 | 33c9 bf03 | 0000 0089 | 4cf8 0489 
  0x041a9bf4: 0cf8 4f75 

  0x041a9bf8: ;   {oop("Illegal use of ClassFileAssembler"{0x25ec4ea0})}
  0x041a9bf8: f6ba a04e | ec25 8bc8 | 8984 2450 

  0x041a9c04: ;   {optimized virtual_call}
  0x041a9c04: 0100 00e8 

  0x041a9c08: ; ImmutableOopMap {[404]=Oop [96]=Oop [92]=Oop [88]=Oop [124]=Oop [336]=Oop [176]=Oop }
              ;*invokespecial <init> {reexecute=0 rethrow=0 return_oop=0}
              ; - jdk.internal.reflect.ClassFileAssembler::cpi@13 (line 95)
              ; - jdk.internal.reflect.MethodAccessorGenerator::generate@350 (line 314)
  0x041a9c08: 046e e8fe | 8b84 2450 | 0100 00e9 | de07 0000 

  0x041a9c18: ;   {metadata('java/lang/RuntimeException')}
  0x041a9c18: ba90 5202 | 6564 8b0c | 2500 0000 | 008b 49f4 | 8b81 d000 | 0000 8d78 | 203b b9d8 | 0000 000f 
  0x041a9c38: 8726 0700 | 0089 b9d0 | 0000 00c7 | 0001 0000 | 0089 5004 | 33c9 bf03 | 0000 0089 | 4cf8 0489 
  0x041a9c58: 0cf8 4f75 

  0x041a9c5c: ;   {oop("Illegal use of ClassFileAssembler"{0x25ec4ea0})}
  0x041a9c5c: f6ba a04e | ec25 8bc8 | 8984 2454 

  0x041a9c68: ;   {optimized virtual_call}
  0x041a9c68: 0100 00e8 

  0x041a9c6c: ; ImmutableOopMap {[124]=Oop [88]=Oop [92]=Oop [96]=Oop [404]=Oop [176]=Oop [340]=Oop }
              ;*invokespecial <init> {reexecute=0 rethrow=0 return_oop=0}
              ; - jdk.internal.reflect.ClassFileAssembler::cpi@13 (line 95)
              ; - jdk.internal.reflect.MethodAccessorGenerator::generate@339 (line 314)
  0x041a9c6c: a06d e8fe | 8b84 2454 | 0100 00e9 | 7a07 0000 

  0x041a9c7c: ;   {metadata('java/lang/RuntimeException')}
  0x041a9c7c: ba90 5202 | 6564 8b0c | 2500 0000 | 008b 49f4 | 8b81 d000 | 0000 8d78 | 203b b9d8 | 0000 000f 
  0x041a9c9c: 87ce 0600 | 0089 b9d0 | 0000 00c7 | 0001 0000 | 0089 5004 | 33c9 bf03 | 0000 0089 | 4cf8 0489 
  0x041a9cbc: 0cf8 4f75 

  0x041a9cc0: ;   {oop("Illegal use of ClassFileAssembler"{0x25ec4ea0})}
  0x041a9cc0: f6ba a04e | ec25 8bc8 | 8984 2458 

  0x041a9ccc: ;   {optimized virtual_call}
  0x041a9ccc: 0100 00e8 

  0x041a9cd0: ; ImmutableOopMap {[404]=Oop [96]=Oop [92]=Oop [88]=Oop [124]=Oop [400]=Oop [344]=Oop }
              ;*invokespecial <init> {reexecute=0 rethrow=0 return_oop=0}
              ; - jdk.internal.reflect.ClassFileAssembler::cpi@13 (line 95)
              ; - jdk.internal.reflect.MethodAccessorGenerator::generate@307 (line 310)
  0x041a9cd0: 3c6d e8fe | 8b84 2458 | 0100 00e9 | 1607 0000 

  0x041a9ce0: ;   {metadata('java/lang/RuntimeException')}
  0x041a9ce0: ba90 5202 | 6564 8b0c | 2500 0000 | 008b 49f4 | 8b81 d000 | 0000 8d78 | 203b b9d8 | 0000 000f 
  0x041a9d00: 8776 0600 | 0089 b9d0 | 0000 00c7 | 0001 0000 | 0089 5004 | 33c9 bf03 | 0000 0089 | 4cf8 0489 
  0x041a9d20: 0cf8 4f75 

  0x041a9d24: ;   {oop("Illegal use of ClassFileAssembler"{0x25ec4ea0})}
  0x041a9d24: f6ba a04e | ec25 8bc8 | 8984 245c 

  0x041a9d30: ;   {optimized virtual_call}
  0x041a9d30: 0100 00e8 

  0x041a9d34: ; ImmutableOopMap {[400]=Oop [124]=Oop [88]=Oop [92]=Oop [96]=Oop [404]=Oop [160]=Oop [348]=Oop }
              ;*invokespecial <init> {reexecute=0 rethrow=0 return_oop=0}
              ; - jdk.internal.reflect.ClassFileAssembler::cpi@13 (line 95)
              ; - jdk.internal.reflect.MethodAccessorGenerator::generate@297 (line 309)
  0x041a9d34: d86c e8fe | 8b84 245c | 0100 00e9 | b206 0000 

  0x041a9d44: ;   {metadata('java/lang/RuntimeException')}
  0x041a9d44: ba90 5202 | 6564 8b0c | 2500 0000 | 008b 49f4 | 8b81 d000 | 0000 8d78 | 203b b9d8 | 0000 000f 
  0x041a9d64: 871e 0600 | 0089 b9d0 | 0000 00c7 | 0001 0000 | 0089 5004 | 33c9 bf03 | 0000 0089 | 4cf8 0489 
  0x041a9d84: 0cf8 4f75 

  0x041a9d88: ;   {oop("Illegal use of ClassFileAssembler"{0x25ec4ea0})}
  0x041a9d88: f6ba a04e | ec25 8bc8 | 8984 2460 

  0x041a9d94: ;   {optimized virtual_call}
  0x041a9d94: 0100 00e8 

  0x041a9d98: ; ImmutableOopMap {[404]=Oop [96]=Oop [92]=Oop [88]=Oop [124]=Oop [400]=Oop [352]=Oop [428]=Oop }
              ;*invokespecial <init> {reexecute=0 rethrow=0 return_oop=0}
              ; - jdk.internal.reflect.ClassFileAssembler::cpi@13 (line 95)
              ; - jdk.internal.reflect.MethodAccessorGenerator::generate@262 (line 305)
  0x041a9d98: 746c e8fe | 8b84 2460 | 0100 00e9 | 4e06 0000 

  0x041a9da8: ;   {metadata('java/lang/RuntimeException')}
  0x041a9da8: ba90 5202 | 6564 8b0c | 2500 0000 | 008b 49f4 | 8b81 d000 | 0000 8d78 | 203b b9d8 | 0000 000f 
  0x041a9dc8: 87c6 0500 | 0089 b9d0 | 0000 00c7 | 0001 0000 | 0089 5004 | 33c9 bf03 | 0000 0089 | 4cf8 0489 
  0x041a9de8: 0cf8 4f75 

  0x041a9dec: ;   {oop("Illegal use of ClassFileAssembler"{0x25ec4ea0})}
  0x041a9dec: f6ba a04e | ec25 8bc8 | 8984 2464 

  0x041a9df8: ;   {optimized virtual_call}
  0x041a9df8: 0100 00e8 

  0x041a9dfc: ; ImmutableOopMap {[428]=Oop [400]=Oop [124]=Oop [88]=Oop [92]=Oop [96]=Oop [404]=Oop [356]=Oop [148]=Oop }
              ;*invokespecial <init> {reexecute=0 rethrow=0 return_oop=0}
              ; - jdk.internal.reflect.ClassFileAssembler::cpi@13 (line 95)
              ; - jdk.internal.reflect.MethodAccessorGenerator::generate@251 (line 304)
  0x041a9dfc: 106c e8fe | 8b84 2464 | 0100 00e9 | ea05 0000 

  0x041a9e0c: ;   {metadata('java/lang/RuntimeException')}
  0x041a9e0c: ba90 5202 | 6564 8b0c | 2500 0000 | 008b 49f4 | 8b81 d000 | 0000 8d78 | 203b b9d8 | 0000 000f 
  0x041a9e2c: 876e 0500 | 0089 b9d0 | 0000 00c7 | 0001 0000 | 0089 5004 | 33c9 bf03 | 0000 0089 | 4cf8 0489 
  0x041a9e4c: 0cf8 4f75 

  0x041a9e50: ;   {oop("Illegal use of ClassFileAssembler"{0x25ec4ea0})}
  0x041a9e50: f6ba a04e | ec25 8bc8 | 8984 2468 

  0x041a9e5c: ;   {optimized virtual_call}
  0x041a9e5c: 0100 00e8 

  0x041a9e60: ; ImmutableOopMap {[404]=Oop [96]=Oop [92]=Oop [88]=Oop [124]=Oop [400]=Oop [428]=Oop [360]=Oop }
              ;*invokespecial <init> {reexecute=0 rethrow=0 return_oop=0}
              ; - jdk.internal.reflect.ClassFileAssembler::cpi@13 (line 95)
              ; - jdk.internal.reflect.MethodAccessorGenerator::generate@225 (line 302)
  0x041a9e60: ac6b e8fe | 8b84 2468 | 0100 00e9 | 8605 0000 

  0x041a9e70: ;   {metadata('java/lang/RuntimeException')}
  0x041a9e70: ba90 5202 | 6564 8b0c | 2500 0000 | 008b 49f4 | 8b81 d000 | 0000 8d78 | 203b b9d8 | 0000 000f 
  0x041a9e90: 8716 0500 | 0089 b9d0 | 0000 00c7 | 0001 0000 | 0089 5004 | 33c9 bf03 | 0000 0089 | 4cf8 0489 
  0x041a9eb0: 0cf8 4f75 

  0x041a9eb4: ;   {oop("Illegal use of ClassFileAssembler"{0x25ec4ea0})}
  0x041a9eb4: f6ba a04e | ec25 8bc8 | 8984 246c 

  0x041a9ec0: ;   {optimized virtual_call}
  0x041a9ec0: 0100 00e8 

  0x041a9ec4: ; ImmutableOopMap {[428]=Oop [400]=Oop [124]=Oop [88]=Oop [92]=Oop [96]=Oop [404]=Oop [364]=Oop [136]=Oop }
              ;*invokespecial <init> {reexecute=0 rethrow=0 return_oop=0}
              ; - jdk.internal.reflect.ClassFileAssembler::cpi@13 (line 95)
              ; - jdk.internal.reflect.MethodAccessorGenerator::generate@214 (line 301)
  0x041a9ec4: 486b e8fe | 8b84 246c | 0100 00e9 | 2205 0000 

  0x041a9ed4: ;   {metadata('java/lang/RuntimeException')}
  0x041a9ed4: ba90 5202 | 6564 8b0c | 2500 0000 | 008b 49f4 | 8b81 d000 | 0000 8d78 | 203b b9d8 | 0000 000f 
  0x041a9ef4: 87be 0400 | 0089 b9d0 | 0000 00c7 | 0001 0000 | 0089 5004 | 33c9 bf03 | 0000 0089 | 4cf8 0489 
  0x041a9f14: 0cf8 4f75 

  0x041a9f18: ;   {oop("Illegal use of ClassFileAssembler"{0x25ec4ea0})}
  0x041a9f18: f6ba a04e | ec25 8bc8 | 8984 2470 

  0x041a9f24: ;   {optimized virtual_call}
  0x041a9f24: 0100 00e8 

  0x041a9f28: ; ImmutableOopMap {[404]=Oop [96]=Oop [92]=Oop [88]=Oop [124]=Oop [400]=Oop [428]=Oop [368]=Oop }
              ;*invokespecial <init> {reexecute=0 rethrow=0 return_oop=0}
              ; - jdk.internal.reflect.ClassFileAssembler::cpi@13 (line 95)
              ; - jdk.internal.reflect.MethodAccessorGenerator::generate@157 (line 290)
  0x041a9f28: e46a e8fe | 8b84 2470 | 0100 00e9 | be04 0000 

  0x041a9f38: ;   {metadata('java/lang/RuntimeException')}
  0x041a9f38: ba90 5202 | 6564 8b0c | 2500 0000 | 008b 49f4 | 8b81 d000 | 0000 8d78 | 203b b9d8 | 0000 000f 
  0x041a9f58: 8766 0400 | 0089 b9d0 | 0000 00c7 | 0001 0000 | 0089 5004 | 33c9 bf03 | 0000 0089 | 4cf8 0489 
  0x041a9f78: 0cf8 4f75 

  0x041a9f7c: ;   {oop("Illegal use of ClassFileAssembler"{0x25ec4ea0})}
  0x041a9f7c: f6ba a04e | ec25 8bc8 | 8984 2474 

  0x041a9f88: ;   {optimized virtual_call}
  0x041a9f88: 0100 00e8 

  0x041a9f8c: ; ImmutableOopMap {[128]=Oop [404]=Oop [88]=Oop [92]=Oop [124]=Oop [96]=Oop [400]=Oop [428]=Oop [372]=Oop }
              ;*invokespecial <init> {reexecute=0 rethrow=0 return_oop=0}
              ; - jdk.internal.reflect.ClassFileAssembler::cpi@13 (line 95)
              ; - jdk.internal.reflect.MethodAccessorGenerator::generate@146 (line 289)
  0x041a9f8c: 806a e8fe | 8b84 2474 | 0100 00e9 | 5a04 0000 | c704 242c 

  0x041a9fa0: ;   {runtime_call deoptimize Runtime1 stub}
  0x041a9fa0: ffff ffe8 

  0x041a9fa4: ; ImmutableOopMap {ecx=Oop [92]=Oop edx=Oop [88]=Oop [400]=Oop [404]=Oop [408]=Oop [412]=Oop [428]=Oop }
              ;*invokestatic create {reexecute=0 rethrow=0 return_oop=0}
              ; - jdk.internal.reflect.MethodAccessorGenerator::generate@0 (line 135)
  0x041a9fa4: 2883 e6fe 

  0x041a9fa8: ;   {runtime_call fast_new_instance Runtime1 stub}
  0x041a9fa8: 8bd2 e861 

  0x041a9fac: ; ImmutableOopMap {[400]=Oop [428]=Oop [404]=Oop [88]=Oop [408]=Oop [92]=Oop }
              ;*new {reexecute=0 rethrow=0 return_oop=0}
              ; - jdk.internal.reflect.ByteVectorFactory::create@0 (line 30)
              ; - jdk.internal.reflect.MethodAccessorGenerator::generate@0 (line 135)
  0x041a9fac: 96e6 fee9 | 63df ffff 

  0x041a9fb4: ;   {runtime_call new_type_array Runtime1 stub}
  0x041a9fb4: e897 93e6 

  0x041a9fb8: ; ImmutableOopMap {[400]=Oop [428]=Oop [88]=Oop [408]=Oop [92]=Oop [404]=Oop [96]=Oop }
              ;*newarray {reexecute=0 rethrow=0 return_oop=0}
              ; - jdk.internal.reflect.ByteVectorImpl::<init>@6 (line 37)
              ; - jdk.internal.reflect.ByteVectorImpl::<init>@3 (line 33)
              ; - jdk.internal.reflect.ByteVectorFactory::create@4 (line 30)
              ; - jdk.internal.reflect.MethodAccessorGenerator::generate@0 (line 135)
  0x041a9fb8: fee9 e5df | ffff 8bd2 

  0x041a9fc0: ;   {runtime_call fast_new_instance Runtime1 stub}
  0x041a9fc0: e84b 96e6 

  0x041a9fc4: ; ImmutableOopMap {[400]=Oop [428]=Oop [88]=Oop [408]=Oop [92]=Oop [404]=Oop ebx=Oop [96]=Oop }
              ;*new {reexecute=0 rethrow=0 return_oop=0}
              ; - jdk.internal.reflect.MethodAccessorGenerator::generate@6 (line 136)
  0x041a9fc4: fee9 38e0 

  0x041a9fc8: ;   {runtime_call throw_incompatible_class_change_error Runtime1 stub}
  0x041a9fc8: ffff e891 

  0x041a9fcc: ; ImmutableOopMap {[400]=Oop [428]=Oop [92]=Oop [404]=Oop [88]=Oop [96]=Oop eax=Oop [100]=Oop ecx=Oop }
              ;*invokeinterface add {reexecute=0 rethrow=0 return_oop=0}
              ; - jdk.internal.reflect.ClassFileAssembler::emitByte@5 (line 74)
              ; - jdk.internal.reflect.ClassFileAssembler::emitShort@10 (line 63)
              ; - jdk.internal.reflect.ClassFileAssembler::emitMagicAndVersion@8 (line 51)
              ; - jdk.internal.reflect.MethodAccessorGenerator::generate@56 (line 144)
              ;   {runtime_call throw_null_pointer_exception Runtime1 stub}
  0x041a9fcc: 89e6 fee8 

  0x041a9fd0: ; ImmutableOopMap {[400]=Oop [428]=Oop [92]=Oop [404]=Oop [88]=Oop [96]=Oop eax=Oop [100]=Oop ecx=Oop }
              ;*invokeinterface add {reexecute=0 rethrow=0 return_oop=0}
              ; - jdk.internal.reflect.ClassFileAssembler::emitByte@5 (line 74)
              ; - jdk.internal.reflect.ClassFileAssembler::emitShort@10 (line 63)
              ; - jdk.internal.reflect.ClassFileAssembler::emitMagicAndVersion@8 (line 51)
              ; - jdk.internal.reflect.MethodAccessorGenerator::generate@56 (line 144)
  0x041a9fd0: 0c9a e6fe 

  0x041a9fd4: ;   {runtime_call throw_incompatible_class_change_error Runtime1 stub}
  0x041a9fd4: e887 89e6 

  0x041a9fd8: ; ImmutableOopMap {[400]=Oop [428]=Oop [92]=Oop [404]=Oop [88]=Oop [96]=Oop eax=Oop [100]=Oop ecx=Oop }
              ;*invokeinterface add {reexecute=0 rethrow=0 return_oop=0}
              ; - jdk.internal.reflect.ClassFileAssembler::emitByte@5 (line 74)
              ; - jdk.internal.reflect.ClassFileAssembler::emitShort@20 (line 64)
              ; - jdk.internal.reflect.ClassFileAssembler::emitMagicAndVersion@8 (line 51)
              ; - jdk.internal.reflect.MethodAccessorGenerator::generate@56 (line 144)
              ;   {runtime_call throw_null_pointer_exception Runtime1 stub}
  0x041a9fd8: fee8 029a 

  0x041a9fdc: ; ImmutableOopMap {[400]=Oop [428]=Oop [92]=Oop [404]=Oop [88]=Oop [96]=Oop eax=Oop [100]=Oop ecx=Oop }
              ;*invokeinterface add {reexecute=0 rethrow=0 return_oop=0}
              ; - jdk.internal.reflect.ClassFileAssembler::emitByte@5 (line 74)
              ; - jdk.internal.reflect.ClassFileAssembler::emitShort@20 (line 64)
              ; - jdk.internal.reflect.ClassFileAssembler::emitMagicAndVersion@8 (line 51)
              ; - jdk.internal.reflect.MethodAccessorGenerator::generate@56 (line 144)
              ;   {runtime_call throw_incompatible_class_change_error Runtime1 stub}
  0x041a9fdc: e6fe e87d 

  0x041a9fe0: ; ImmutableOopMap {[400]=Oop [428]=Oop [92]=Oop [404]=Oop [88]=Oop [96]=Oop eax=Oop [100]=Oop ecx=Oop }
              ;*invokeinterface add {reexecute=0 rethrow=0 return_oop=0}
              ; - jdk.internal.reflect.ClassFileAssembler::emitByte@5 (line 74)
              ; - jdk.internal.reflect.ClassFileAssembler::emitShort@10 (line 63)
              ; - jdk.internal.reflect.ClassFileAssembler::emitMagicAndVersion@14 (line 52)
              ; - jdk.internal.reflect.MethodAccessorGenerator::generate@56 (line 144)
              ;   {runtime_call throw_null_pointer_exception Runtime1 stub}
  0x041a9fe0: 89e6 fee8 

  0x041a9fe4: ; ImmutableOopMap {[400]=Oop [428]=Oop [92]=Oop [404]=Oop [88]=Oop [96]=Oop eax=Oop [100]=Oop ecx=Oop }
              ;*invokeinterface add {reexecute=0 rethrow=0 return_oop=0}
              ; - jdk.internal.reflect.ClassFileAssembler::emitByte@5 (line 74)
              ; - jdk.internal.reflect.ClassFileAssembler::emitShort@10 (line 63)
              ; - jdk.internal.reflect.ClassFileAssembler::emitMagicAndVersion@14 (line 52)
              ; - jdk.internal.reflect.MethodAccessorGenerator::generate@56 (line 144)
  0x041a9fe4: f899 e6fe 

  0x041a9fe8: ;   {runtime_call throw_incompatible_class_change_error Runtime1 stub}
  0x041a9fe8: e873 89e6 

  0x041a9fec: ; ImmutableOopMap {[400]=Oop [428]=Oop [92]=Oop [404]=Oop [88]=Oop [96]=Oop ecx=Oop }
              ;*invokeinterface add {reexecute=0 rethrow=0 return_oop=0}
              ; - jdk.internal.reflect.ClassFileAssembler::emitByte@5 (line 74)
              ; - jdk.internal.reflect.ClassFileAssembler::emitShort@20 (line 64)
              ; - jdk.internal.reflect.ClassFileAssembler::emitMagicAndVersion@14 (line 52)
              ; - jdk.internal.reflect.MethodAccessorGenerator::generate@56 (line 144)
              ;   {runtime_call throw_null_pointer_exception Runtime1 stub}
  0x041a9fec: fee8 ee99 

  0x041a9ff0: ; ImmutableOopMap {[400]=Oop [428]=Oop [92]=Oop [404]=Oop [88]=Oop [96]=Oop ecx=Oop }
              ;*invokeinterface add {reexecute=0 rethrow=0 return_oop=0}
              ; - jdk.internal.reflect.ClassFileAssembler::emitByte@5 (line 74)
              ; - jdk.internal.reflect.ClassFileAssembler::emitShort@20 (line 64)
              ; - jdk.internal.reflect.ClassFileAssembler::emitMagicAndVersion@14 (line 52)
              ; - jdk.internal.reflect.MethodAccessorGenerator::generate@56 (line 144)
              ;   {runtime_call throw_null_pointer_exception Runtime1 stub}
  0x041a9ff0: e6fe e8e9 

  0x041a9ff4: ; ImmutableOopMap {[400]=Oop [428]=Oop [404]=Oop [88]=Oop [96]=Oop esi=Oop [92]=Oop edi=Oop [112]=Oop }
              ;*invokevirtual emitShort {reexecute=0 rethrow=0 return_oop=0}
              ; - jdk.internal.reflect.MethodAccessorGenerator::generate@117 (line 285)
              ;   {runtime_call throw_incompatible_class_change_error Runtime1 stub}
  0x041a9ff4: 99e6 fee8 

  0x041a9ff8: ; ImmutableOopMap {[400]=Oop [428]=Oop [404]=Oop [88]=Oop [96]=Oop ebx=Oop [112]=Oop [92]=Oop }
              ;*invokeinterface add {reexecute=0 rethrow=0 return_oop=0}
              ; - jdk.internal.reflect.ClassFileAssembler::emitByte@5 (line 74)
              ; - jdk.internal.reflect.ClassFileAssembler::emitShort@10 (line 63)
              ; - jdk.internal.reflect.MethodAccessorGenerator::generate@117 (line 285)
  0x041a9ff8: 6489 e6fe 

  0x041a9ffc: ;   {runtime_call throw_null_pointer_exception Runtime1 stub}
  0x041a9ffc: e8df 99e6 

  0x041aa000: ; ImmutableOopMap {[400]=Oop [428]=Oop [404]=Oop [88]=Oop [96]=Oop ebx=Oop [112]=Oop [92]=Oop }
              ;*invokeinterface add {reexecute=0 rethrow=0 return_oop=0}
              ; - jdk.internal.reflect.ClassFileAssembler::emitByte@5 (line 74)
              ; - jdk.internal.reflect.ClassFileAssembler::emitShort@10 (line 63)
              ; - jdk.internal.reflect.MethodAccessorGenerator::generate@117 (line 285)
              ;   {runtime_call throw_incompatible_class_change_error Runtime1 stub}
  0x041aa000: fee8 5a89 

  0x041aa004: ; ImmutableOopMap {[400]=Oop [428]=Oop [404]=Oop [88]=Oop [96]=Oop [92]=Oop ecx=Oop }
              ;*invokeinterface add {reexecute=0 rethrow=0 return_oop=0}
              ; - jdk.internal.reflect.ClassFileAssembler::emitByte@5 (line 74)
              ; - jdk.internal.reflect.ClassFileAssembler::emitShort@20 (line 64)
              ; - jdk.internal.reflect.MethodAccessorGenerator::generate@117 (line 285)
              ;   {runtime_call throw_null_pointer_exception Runtime1 stub}
  0x041aa004: e6fe e8d5 

  0x041aa008: ; ImmutableOopMap {[400]=Oop [428]=Oop [404]=Oop [88]=Oop [96]=Oop [92]=Oop ecx=Oop }
              ;*invokeinterface add {reexecute=0 rethrow=0 return_oop=0}
              ; - jdk.internal.reflect.ClassFileAssembler::emitByte@5 (line 74)
              ; - jdk.internal.reflect.ClassFileAssembler::emitShort@20 (line 64)
              ; - jdk.internal.reflect.MethodAccessorGenerator::generate@117 (line 285)
              ;   {runtime_call throw_null_pointer_exception Runtime1 stub}
  0x041aa008: 99e6 fee8 

  0x041aa00c: ; ImmutableOopMap {[400]=Oop [428]=Oop [404]=Oop [88]=Oop [96]=Oop eax=Oop [124]=Oop ecx=Oop [92]=Oop esi=Oop }
              ;*invokevirtual emitConstantPoolUTF8 {reexecute=0 rethrow=0 return_oop=0}
              ; - jdk.internal.reflect.MethodAccessorGenerator::generate@135 (line 288)
  0x041aa00c: d099 e6fe 

  0x041aa010: ;   {runtime_call throw_null_pointer_exception Runtime1 stub}
  0x041aa010: e8cb 99e6 

  0x041aa014: ; ImmutableOopMap {[400]=Oop [428]=Oop [404]=Oop [88]=Oop [96]=Oop [124]=Oop ecx=Oop [92]=Oop esi=Oop [128]=Oop }
              ;*invokevirtual cpi {reexecute=0 rethrow=0 return_oop=0}
              ; - jdk.internal.reflect.MethodAccessorGenerator::generate@146 (line 289)
              ;   {runtime_call throw_incompatible_class_change_error Runtime1 stub}
  0x041aa014: fee8 4689 

  0x041aa018: ; ImmutableOopMap {[400]=Oop [428]=Oop [404]=Oop [88]=Oop [96]=Oop [124]=Oop [92]=Oop edi=Oop [128]=Oop }
              ;*invokeinterface add {reexecute=0 rethrow=0 return_oop=0}
              ; - jdk.internal.reflect.ClassFileAssembler::emitByte@5 (line 74)
              ; - jdk.internal.reflect.ClassFileAssembler::emitConstantPoolClass@3 (line 113)
              ; - jdk.internal.reflect.MethodAccessorGenerator::generate@149 (line 289)
              ;   {runtime_call throw_null_pointer_exception Runtime1 stub}
  0x041aa018: e6fe e8c1 

  0x041aa01c: ; ImmutableOopMap {[400]=Oop [428]=Oop [404]=Oop [88]=Oop [96]=Oop [124]=Oop [92]=Oop edi=Oop [128]=Oop }
              ;*invokeinterface add {reexecute=0 rethrow=0 return_oop=0}
              ; - jdk.internal.reflect.ClassFileAssembler::emitByte@5 (line 74)
              ; - jdk.internal.reflect.ClassFileAssembler::emitConstantPoolClass@3 (line 113)
              ; - jdk.internal.reflect.MethodAccessorGenerator::generate@149 (line 289)
              ;   {runtime_call throw_incompatible_class_change_error Runtime1 stub}
  0x041aa01c: 99e6 fee8 

  0x041aa020: ; ImmutableOopMap {[400]=Oop [428]=Oop [404]=Oop [88]=Oop [96]=Oop [124]=Oop [92]=Oop esi=Oop [128]=Oop ecx=Oop }
              ;*invokeinterface add {reexecute=0 rethrow=0 return_oop=0}
              ; - jdk.internal.reflect.ClassFileAssembler::emitByte@5 (line 74)
              ; - jdk.internal.reflect.ClassFileAssembler::emitShort@10 (line 63)
              ; - jdk.internal.reflect.ClassFileAssembler::emitConstantPoolClass@8 (line 114)
              ; - jdk.internal.reflect.MethodAccessorGenerator::generate@149 (line 289)
  0x041aa020: 3c89 e6fe 

  0x041aa024: ;   {runtime_call throw_null_pointer_exception Runtime1 stub}
  0x041aa024: e8b7 99e6 

  0x041aa028: ; ImmutableOopMap {[400]=Oop [428]=Oop [404]=Oop [88]=Oop [96]=Oop [124]=Oop [92]=Oop esi=Oop [128]=Oop ecx=Oop }
              ;*invokeinterface add {reexecute=0 rethrow=0 return_oop=0}
              ; - jdk.internal.reflect.ClassFileAssembler::emitByte@5 (line 74)
              ; - jdk.internal.reflect.ClassFileAssembler::emitShort@10 (line 63)
              ; - jdk.internal.reflect.ClassFileAssembler::emitConstantPoolClass@8 (line 114)
              ; - jdk.internal.reflect.MethodAccessorGenerator::generate@149 (line 289)
              ;   {runtime_call throw_incompatible_class_change_error Runtime1 stub}
  0x041aa028: fee8 3289 

  0x041aa02c: ; ImmutableOopMap {[400]=Oop [428]=Oop [404]=Oop [88]=Oop [96]=Oop [124]=Oop [92]=Oop esi=Oop [128]=Oop ecx=Oop }
              ;*invokeinterface add {reexecute=0 rethrow=0 return_oop=0}
              ; - jdk.internal.reflect.ClassFileAssembler::emitByte@5 (line 74)
              ; - jdk.internal.reflect.ClassFileAssembler::emitShort@20 (line 64)
              ; - jdk.internal.reflect.ClassFileAssembler::emitConstantPoolClass@8 (line 114)
              ; - jdk.internal.reflect.MethodAccessorGenerator::generate@149 (line 289)
              ;   {runtime_call throw_null_pointer_exception Runtime1 stub}
  0x041aa02c: e6fe e8ad 

  0x041aa030: ; ImmutableOopMap {[400]=Oop [428]=Oop [404]=Oop [88]=Oop [96]=Oop [124]=Oop [92]=Oop esi=Oop [128]=Oop ecx=Oop }
              ;*invokeinterface add {reexecute=0 rethrow=0 return_oop=0}
              ; - jdk.internal.reflect.ClassFileAssembler::emitByte@5 (line 74)
              ; - jdk.internal.reflect.ClassFileAssembler::emitShort@20 (line 64)
              ; - jdk.internal.reflect.ClassFileAssembler::emitConstantPoolClass@8 (line 114)
              ; - jdk.internal.reflect.MethodAccessorGenerator::generate@149 (line 289)
              ;   {runtime_call throw_null_pointer_exception Runtime1 stub}
  0x041aa030: 99e6 fee8 

  0x041aa034: ; ImmutableOopMap {[400]=Oop [428]=Oop [404]=Oop [88]=Oop [96]=Oop [124]=Oop ecx=Oop [92]=Oop esi=Oop }
              ;*invokevirtual cpi {reexecute=0 rethrow=0 return_oop=0}
              ; - jdk.internal.reflect.MethodAccessorGenerator::generate@157 (line 290)
  0x041aa034: a899 e6fe 

  0x041aa038: ;   {runtime_call throw_null_pointer_exception Runtime1 stub}
  0x041aa038: e8a3 99e6 

  0x041aa03c: ; ImmutableOopMap {[400]=Oop [428]=Oop [404]=Oop [88]=Oop [96]=Oop [124]=Oop ecx=Oop [92]=Oop esi=Oop [136]=Oop }
              ;*invokevirtual cpi {reexecute=0 rethrow=0 return_oop=0}
              ; - jdk.internal.reflect.MethodAccessorGenerator::generate@214 (line 301)
              ;   {runtime_call throw_incompatible_class_change_error Runtime1 stub}
  0x041aa03c: fee8 1e89 

  0x041aa040: ; ImmutableOopMap {[400]=Oop [428]=Oop [404]=Oop [88]=Oop [96]=Oop [124]=Oop [92]=Oop edi=Oop [136]=Oop }
              ;*invokeinterface add {reexecute=0 rethrow=0 return_oop=0}
              ; - jdk.internal.reflect.ClassFileAssembler::emitByte@5 (line 74)
              ; - jdk.internal.reflect.ClassFileAssembler::emitConstantPoolClass@3 (line 113)
              ; - jdk.internal.reflect.MethodAccessorGenerator::generate@217 (line 301)
              ;   {runtime_call throw_null_pointer_exception Runtime1 stub}
  0x041aa040: e6fe e899 

  0x041aa044: ; ImmutableOopMap {[400]=Oop [428]=Oop [404]=Oop [88]=Oop [96]=Oop [124]=Oop [92]=Oop edi=Oop [136]=Oop }
              ;*invokeinterface add {reexecute=0 rethrow=0 return_oop=0}
              ; - jdk.internal.reflect.ClassFileAssembler::emitByte@5 (line 74)
              ; - jdk.internal.reflect.ClassFileAssembler::emitConstantPoolClass@3 (line 113)
              ; - jdk.internal.reflect.MethodAccessorGenerator::generate@217 (line 301)
              ;   {runtime_call throw_incompatible_class_change_error Runtime1 stub}
  0x041aa044: 99e6 fee8 

  0x041aa048: ; ImmutableOopMap {[400]=Oop [428]=Oop [404]=Oop [88]=Oop [96]=Oop [124]=Oop [92]=Oop esi=Oop [136]=Oop ecx=Oop }
              ;*invokeinterface add {reexecute=0 rethrow=0 return_oop=0}
              ; - jdk.internal.reflect.ClassFileAssembler::emitByte@5 (line 74)
              ; - jdk.internal.reflect.ClassFileAssembler::emitShort@10 (line 63)
              ; - jdk.internal.reflect.ClassFileAssembler::emitConstantPoolClass@8 (line 114)
              ; - jdk.internal.reflect.MethodAccessorGenerator::generate@217 (line 301)
  0x041aa048: 1489 e6fe 

  0x041aa04c: ;   {runtime_call throw_null_pointer_exception Runtime1 stub}
  0x041aa04c: e88f 99e6 

  0x041aa050: ; ImmutableOopMap {[400]=Oop [428]=Oop [404]=Oop [88]=Oop [96]=Oop [124]=Oop [92]=Oop esi=Oop [136]=Oop ecx=Oop }
              ;*invokeinterface add {reexecute=0 rethrow=0 return_oop=0}
              ; - jdk.internal.reflect.ClassFileAssembler::emitByte@5 (line 74)
              ; - jdk.internal.reflect.ClassFileAssembler::emitShort@10 (line 63)
              ; - jdk.internal.reflect.ClassFileAssembler::emitConstantPoolClass@8 (line 114)
              ; - jdk.internal.reflect.MethodAccessorGenerator::generate@217 (line 301)
              ;   {runtime_call throw_incompatible_class_change_error Runtime1 stub}
  0x041aa050: fee8 0a89 

  0x041aa054: ; ImmutableOopMap {[400]=Oop [428]=Oop [404]=Oop [88]=Oop [96]=Oop [124]=Oop [92]=Oop esi=Oop [136]=Oop ecx=Oop }
              ;*invokeinterface add {reexecute=0 rethrow=0 return_oop=0}
              ; - jdk.internal.reflect.ClassFileAssembler::emitByte@5 (line 74)
              ; - jdk.internal.reflect.ClassFileAssembler::emitShort@20 (line 64)
              ; - jdk.internal.reflect.ClassFileAssembler::emitConstantPoolClass@8 (line 114)
              ; - jdk.internal.reflect.MethodAccessorGenerator::generate@217 (line 301)
              ;   {runtime_call throw_null_pointer_exception Runtime1 stub}
  0x041aa054: e6fe e885 

  0x041aa058: ; ImmutableOopMap {[400]=Oop [428]=Oop [404]=Oop [88]=Oop [96]=Oop [124]=Oop [92]=Oop esi=Oop [136]=Oop ecx=Oop }
              ;*invokeinterface add {reexecute=0 rethrow=0 return_oop=0}
              ; - jdk.internal.reflect.ClassFileAssembler::emitByte@5 (line 74)
              ; - jdk.internal.reflect.ClassFileAssembler::emitShort@20 (line 64)
              ; - jdk.internal.reflect.ClassFileAssembler::emitConstantPoolClass@8 (line 114)
              ; - jdk.internal.reflect.MethodAccessorGenerator::generate@217 (line 301)
              ;   {runtime_call throw_null_pointer_exception Runtime1 stub}
  0x041aa058: 99e6 fee8 

  0x041aa05c: ; ImmutableOopMap {[400]=Oop [428]=Oop [404]=Oop [88]=Oop [96]=Oop [124]=Oop ecx=Oop [92]=Oop esi=Oop }
              ;*invokevirtual cpi {reexecute=0 rethrow=0 return_oop=0}
              ; - jdk.internal.reflect.MethodAccessorGenerator::generate@225 (line 302)
  0x041aa05c: 8099 e6fe 

  0x041aa060: ;   {runtime_call throw_null_pointer_exception Runtime1 stub}
  0x041aa060: e87b 99e6 

  0x041aa064: ; ImmutableOopMap {[400]=Oop [428]=Oop [404]=Oop [88]=Oop [96]=Oop [124]=Oop ecx=Oop [92]=Oop esi=Oop [148]=Oop }
              ;*invokevirtual cpi {reexecute=0 rethrow=0 return_oop=0}
              ; - jdk.internal.reflect.MethodAccessorGenerator::generate@251 (line 304)
              ;   {runtime_call throw_incompatible_class_change_error Runtime1 stub}
  0x041aa064: fee8 f688 

  0x041aa068: ; ImmutableOopMap {[400]=Oop [428]=Oop [404]=Oop [88]=Oop [96]=Oop [124]=Oop [92]=Oop edi=Oop [148]=Oop }
              ;*invokeinterface add {reexecute=0 rethrow=0 return_oop=0}
              ; - jdk.internal.reflect.ClassFileAssembler::emitByte@5 (line 74)
              ; - jdk.internal.reflect.ClassFileAssembler::emitConstantPoolClass@3 (line 113)
              ; - jdk.internal.reflect.MethodAccessorGenerator::generate@254 (line 304)
              ;   {runtime_call throw_null_pointer_exception Runtime1 stub}
  0x041aa068: e6fe e871 

  0x041aa06c: ; ImmutableOopMap {[400]=Oop [428]=Oop [404]=Oop [88]=Oop [96]=Oop [124]=Oop [92]=Oop edi=Oop [148]=Oop }
              ;*invokeinterface add {reexecute=0 rethrow=0 return_oop=0}
              ; - jdk.internal.reflect.ClassFileAssembler::emitByte@5 (line 74)
              ; - jdk.internal.reflect.ClassFileAssembler::emitConstantPoolClass@3 (line 113)
              ; - jdk.internal.reflect.MethodAccessorGenerator::generate@254 (line 304)
              ;   {runtime_call throw_incompatible_class_change_error Runtime1 stub}
  0x041aa06c: 99e6 fee8 

  0x041aa070: ; ImmutableOopMap {[400]=Oop [428]=Oop [404]=Oop [88]=Oop [96]=Oop [124]=Oop [92]=Oop esi=Oop [148]=Oop ecx=Oop }
              ;*invokeinterface add {reexecute=0 rethrow=0 return_oop=0}
              ; - jdk.internal.reflect.ClassFileAssembler::emitByte@5 (line 74)
              ; - jdk.internal.reflect.ClassFileAssembler::emitShort@10 (line 63)
              ; - jdk.internal.reflect.ClassFileAssembler::emitConstantPoolClass@8 (line 114)
              ; - jdk.internal.reflect.MethodAccessorGenerator::generate@254 (line 304)
  0x041aa070: ec88 e6fe 

  0x041aa074: ;   {runtime_call throw_null_pointer_exception Runtime1 stub}
  0x041aa074: e867 99e6 

  0x041aa078: ; ImmutableOopMap {[400]=Oop [428]=Oop [404]=Oop [88]=Oop [96]=Oop [124]=Oop [92]=Oop esi=Oop [148]=Oop ecx=Oop }
              ;*invokeinterface add {reexecute=0 rethrow=0 return_oop=0}
              ; - jdk.internal.reflect.ClassFileAssembler::emitByte@5 (line 74)
              ; - jdk.internal.reflect.ClassFileAssembler::emitShort@10 (line 63)
              ; - jdk.internal.reflect.ClassFileAssembler::emitConstantPoolClass@8 (line 114)
              ; - jdk.internal.reflect.MethodAccessorGenerator::generate@254 (line 304)
              ;   {runtime_call throw_incompatible_class_change_error Runtime1 stub}
  0x041aa078: fee8 e288 

  0x041aa07c: ; ImmutableOopMap {[400]=Oop [428]=Oop [404]=Oop [88]=Oop [96]=Oop [124]=Oop [92]=Oop esi=Oop [148]=Oop ecx=Oop }
              ;*invokeinterface add {reexecute=0 rethrow=0 return_oop=0}
              ; - jdk.internal.reflect.ClassFileAssembler::emitByte@5 (line 74)
              ; - jdk.internal.reflect.ClassFileAssembler::emitShort@20 (line 64)
              ; - jdk.internal.reflect.ClassFileAssembler::emitConstantPoolClass@8 (line 114)
              ; - jdk.internal.reflect.MethodAccessorGenerator::generate@254 (line 304)
              ;   {runtime_call throw_null_pointer_exception Runtime1 stub}
  0x041aa07c: e6fe e85d 

  0x041aa080: ; ImmutableOopMap {[400]=Oop [428]=Oop [404]=Oop [88]=Oop [96]=Oop [124]=Oop [92]=Oop esi=Oop [148]=Oop ecx=Oop }
              ;*invokeinterface add {reexecute=0 rethrow=0 return_oop=0}
              ; - jdk.internal.reflect.ClassFileAssembler::emitByte@5 (line 74)
              ; - jdk.internal.reflect.ClassFileAssembler::emitShort@20 (line 64)
              ; - jdk.internal.reflect.ClassFileAssembler::emitConstantPoolClass@8 (line 114)
              ; - jdk.internal.reflect.MethodAccessorGenerator::generate@254 (line 304)
              ;   {runtime_call throw_null_pointer_exception Runtime1 stub}
  0x041aa080: 99e6 fee8 

  0x041aa084: ; ImmutableOopMap {[400]=Oop [428]=Oop [404]=Oop [88]=Oop [96]=Oop [124]=Oop ecx=Oop [92]=Oop esi=Oop }
              ;*invokevirtual cpi {reexecute=0 rethrow=0 return_oop=0}
              ; - jdk.internal.reflect.MethodAccessorGenerator::generate@262 (line 305)
  0x041aa084: 5899 e6fe 

  0x041aa088: ;   {runtime_call throw_null_pointer_exception Runtime1 stub}
  0x041aa088: e853 99e6 

  0x041aa08c: ; ImmutableOopMap {[400]=Oop [404]=Oop [88]=Oop [96]=Oop [124]=Oop ecx=Oop [92]=Oop esi=Oop [160]=Oop }
              ;*invokevirtual cpi {reexecute=0 rethrow=0 return_oop=0}
              ; - jdk.internal.reflect.MethodAccessorGenerator::generate@297 (line 309)
              ;   {runtime_call throw_incompatible_class_change_error Runtime1 stub}
  0x041aa08c: fee8 ce88 

  0x041aa090: ; ImmutableOopMap {[400]=Oop [404]=Oop [88]=Oop [96]=Oop [124]=Oop [92]=Oop edi=Oop [160]=Oop }
              ;*invokeinterface add {reexecute=0 rethrow=0 return_oop=0}
              ; - jdk.internal.reflect.ClassFileAssembler::emitByte@5 (line 74)
              ; - jdk.internal.reflect.ClassFileAssembler::emitConstantPoolClass@3 (line 113)
              ; - jdk.internal.reflect.MethodAccessorGenerator::generate@300 (line 309)
              ;   {runtime_call throw_null_pointer_exception Runtime1 stub}
  0x041aa090: e6fe e849 

  0x041aa094: ; ImmutableOopMap {[400]=Oop [404]=Oop [88]=Oop [96]=Oop [124]=Oop [92]=Oop edi=Oop [160]=Oop }
              ;*invokeinterface add {reexecute=0 rethrow=0 return_oop=0}
              ; - jdk.internal.reflect.ClassFileAssembler::emitByte@5 (line 74)
              ; - jdk.internal.reflect.ClassFileAssembler::emitConstantPoolClass@3 (line 113)
              ; - jdk.internal.reflect.MethodAccessorGenerator::generate@300 (line 309)
              ;   {runtime_call throw_incompatible_class_change_error Runtime1 stub}
  0x041aa094: 99e6 fee8 

  0x041aa098: ; ImmutableOopMap {[400]=Oop [404]=Oop [88]=Oop [96]=Oop [124]=Oop [92]=Oop esi=Oop [160]=Oop ecx=Oop }
              ;*invokeinterface add {reexecute=0 rethrow=0 return_oop=0}
              ; - jdk.internal.reflect.ClassFileAssembler::emitByte@5 (line 74)
              ; - jdk.internal.reflect.ClassFileAssembler::emitShort@10 (line 63)
              ; - jdk.internal.reflect.ClassFileAssembler::emitConstantPoolClass@8 (line 114)
              ; - jdk.internal.reflect.MethodAccessorGenerator::generate@300 (line 309)
  0x041aa098: c488 e6fe 

  0x041aa09c: ;   {runtime_call throw_null_pointer_exception Runtime1 stub}
  0x041aa09c: e83f 99e6 

  0x041aa0a0: ; ImmutableOopMap {[400]=Oop [404]=Oop [88]=Oop [96]=Oop [124]=Oop [92]=Oop esi=Oop [160]=Oop ecx=Oop }
              ;*invokeinterface add {reexecute=0 rethrow=0 return_oop=0}
              ; - jdk.internal.reflect.ClassFileAssembler::emitByte@5 (line 74)
              ; - jdk.internal.reflect.ClassFileAssembler::emitShort@10 (line 63)
              ; - jdk.internal.reflect.ClassFileAssembler::emitConstantPoolClass@8 (line 114)
              ; - jdk.internal.reflect.MethodAccessorGenerator::generate@300 (line 309)
              ;   {runtime_call throw_incompatible_class_change_error Runtime1 stub}
  0x041aa0a0: fee8 ba88 

  0x041aa0a4: ; ImmutableOopMap {[400]=Oop [404]=Oop [88]=Oop [96]=Oop [124]=Oop [92]=Oop esi=Oop [160]=Oop ecx=Oop }
              ;*invokeinterface add {reexecute=0 rethrow=0 return_oop=0}
              ; - jdk.internal.reflect.ClassFileAssembler::emitByte@5 (line 74)
              ; - jdk.internal.reflect.ClassFileAssembler::emitShort@20 (line 64)
              ; - jdk.internal.reflect.ClassFileAssembler::emitConstantPoolClass@8 (line 114)
              ; - jdk.internal.reflect.MethodAccessorGenerator::generate@300 (line 309)
              ;   {runtime_call throw_null_pointer_exception Runtime1 stub}
  0x041aa0a4: e6fe e835 

  0x041aa0a8: ; ImmutableOopMap {[400]=Oop [404]=Oop [88]=Oop [96]=Oop [124]=Oop [92]=Oop esi=Oop [160]=Oop ecx=Oop }
              ;*invokeinterface add {reexecute=0 rethrow=0 return_oop=0}
              ; - jdk.internal.reflect.ClassFileAssembler::emitByte@5 (line 74)
              ; - jdk.internal.reflect.ClassFileAssembler::emitShort@20 (line 64)
              ; - jdk.internal.reflect.ClassFileAssembler::emitConstantPoolClass@8 (line 114)
              ; - jdk.internal.reflect.MethodAccessorGenerator::generate@300 (line 309)
              ;   {runtime_call throw_null_pointer_exception Runtime1 stub}
  0x041aa0a8: 99e6 fee8 

  0x041aa0ac: ; ImmutableOopMap {[400]=Oop [404]=Oop [88]=Oop [96]=Oop [124]=Oop ecx=Oop [92]=Oop }
              ;*invokevirtual cpi {reexecute=0 rethrow=0 return_oop=0}
              ; - jdk.internal.reflect.MethodAccessorGenerator::generate@307 (line 310)
  0x041aa0ac: 3099 e6fe 

  0x041aa0b0: ;   {runtime_call throw_null_pointer_exception Runtime1 stub}
  0x041aa0b0: e82b 99e6 

  0x041aa0b4: ; ImmutableOopMap {[404]=Oop [88]=Oop [96]=Oop [124]=Oop ecx=Oop [92]=Oop ebx=Oop [400]=Oop edi=Oop }
              ;*invokevirtual emitConstantPoolUTF8 {reexecute=0 rethrow=0 return_oop=0}
              ; - jdk.internal.reflect.MethodAccessorGenerator::generate@317 (line 312)
              ;   {runtime_call throw_null_pointer_exception Runtime1 stub}
  0x041aa0b4: fee8 2699 

  0x041aa0b8: ; ImmutableOopMap {[404]=Oop [88]=Oop [96]=Oop [124]=Oop [92]=Oop eax=Oop esi=Oop }
              ;*invokevirtual emitConstantPoolUTF8 {reexecute=0 rethrow=0 return_oop=0}
              ; - jdk.internal.reflect.MethodAccessorGenerator::generate@328 (line 313)
              ;   {runtime_call throw_null_pointer_exception Runtime1 stub}
  0x041aa0b8: e6fe e821 

  0x041aa0bc: ; ImmutableOopMap {[404]=Oop [88]=Oop [96]=Oop [124]=Oop ecx=Oop [92]=Oop esi=Oop [176]=Oop }
              ;*invokevirtual cpi {reexecute=0 rethrow=0 return_oop=0}
              ; - jdk.internal.reflect.MethodAccessorGenerator::generate@339 (line 314)
              ;   {runtime_call throw_incompatible_class_change_error Runtime1 stub}
  0x041aa0bc: 99e6 fee8 

  0x041aa0c0: ; ImmutableOopMap {[404]=Oop [88]=Oop [96]=Oop [124]=Oop [92]=Oop eax=Oop [176]=Oop }
              ;*invokeinterface add {reexecute=0 rethrow=0 return_oop=0}
              ; - jdk.internal.reflect.ClassFileAssembler::emitByte@5 (line 74)
              ; - jdk.internal.reflect.ClassFileAssembler::emitConstantPoolNameAndType@3 (line 119)
              ; - jdk.internal.reflect.MethodAccessorGenerator::generate@353 (line 314)
  0x041aa0c0: 9c88 e6fe 

  0x041aa0c4: ;   {runtime_call throw_null_pointer_exception Runtime1 stub}
  0x041aa0c4: e817 99e6 

  0x041aa0c8: ; ImmutableOopMap {[404]=Oop [88]=Oop [96]=Oop [124]=Oop [92]=Oop eax=Oop [176]=Oop }
              ;*invokeinterface add {reexecute=0 rethrow=0 return_oop=0}
              ; - jdk.internal.reflect.ClassFileAssembler::emitByte@5 (line 74)
              ; - jdk.internal.reflect.ClassFileAssembler::emitConstantPoolNameAndType@3 (line 119)
              ; - jdk.internal.reflect.MethodAccessorGenerator::generate@353 (line 314)
              ;   {runtime_call throw_incompatible_class_change_error Runtime1 stub}
  0x041aa0c8: fee8 9288 

  0x041aa0cc: ; ImmutableOopMap {[404]=Oop [88]=Oop [96]=Oop [124]=Oop [92]=Oop esi=Oop [176]=Oop ecx=Oop }
              ;*invokeinterface add {reexecute=0 rethrow=0 return_oop=0}
              ; - jdk.internal.reflect.ClassFileAssembler::emitByte@5 (line 74)
              ; - jdk.internal.reflect.ClassFileAssembler::emitShort@10 (line 63)
              ; - jdk.internal.reflect.ClassFileAssembler::emitConstantPoolNameAndType@8 (line 120)
              ; - jdk.internal.reflect.MethodAccessorGenerator::generate@353 (line 314)
              ;   {runtime_call throw_null_pointer_exception Runtime1 stub}
  0x041aa0cc: e6fe e80d 

  0x041aa0d0: ; ImmutableOopMap {[404]=Oop [88]=Oop [96]=Oop [124]=Oop [92]=Oop esi=Oop [176]=Oop ecx=Oop }
              ;*invokeinterface add {reexecute=0 rethrow=0 return_oop=0}
              ; - jdk.internal.reflect.ClassFileAssembler::emitByte@5 (line 74)
              ; - jdk.internal.reflect.ClassFileAssembler::emitShort@10 (line 63)
              ; - jdk.internal.reflect.ClassFileAssembler::emitConstantPoolNameAndType@8 (line 120)
              ; - jdk.internal.reflect.MethodAccessorGenerator::generate@353 (line 314)
              ;   {runtime_call throw_incompatible_class_change_error Runtime1 stub}
  0x041aa0d0: 99e6 fee8 

  0x041aa0d4: ; ImmutableOopMap {[404]=Oop [88]=Oop [96]=Oop [124]=Oop [92]=Oop esi=Oop [176]=Oop ecx=Oop }
              ;*invokeinterface add {reexecute=0 rethrow=0 return_oop=0}
              ; - jdk.internal.reflect.ClassFileAssembler::emitByte@5 (line 74)
              ; - jdk.internal.reflect.ClassFileAssembler::emitShort@20 (line 64)
              ; - jdk.internal.reflect.ClassFileAssembler::emitConstantPoolNameAndType@8 (line 120)
              ; - jdk.internal.reflect.MethodAccessorGenerator::generate@353 (line 314)
  0x041aa0d4: 8888 e6fe 

  0x041aa0d8: ;   {runtime_call throw_null_pointer_exception Runtime1 stub}
  0x041aa0d8: e803 99e6 

  0x041aa0dc: ; ImmutableOopMap {[404]=Oop [88]=Oop [96]=Oop [124]=Oop [92]=Oop esi=Oop [176]=Oop ecx=Oop }
              ;*invokeinterface add {reexecute=0 rethrow=0 return_oop=0}
              ; - jdk.internal.reflect.ClassFileAssembler::emitByte@5 (line 74)
              ; - jdk.internal.reflect.ClassFileAssembler::emitShort@20 (line 64)
              ; - jdk.internal.reflect.ClassFileAssembler::emitConstantPoolNameAndType@8 (line 120)
              ; - jdk.internal.reflect.MethodAccessorGenerator::generate@353 (line 314)
              ;   {runtime_call throw_incompatible_class_change_error Runtime1 stub}
  0x041aa0dc: fee8 7e88 

  0x041aa0e0: ; ImmutableOopMap {[404]=Oop [88]=Oop [96]=Oop [124]=Oop [92]=Oop esi=Oop [176]=Oop ecx=Oop }
              ;*invokeinterface add {reexecute=0 rethrow=0 return_oop=0}
              ; - jdk.internal.reflect.ClassFileAssembler::emitByte@5 (line 74)
              ; - jdk.internal.reflect.ClassFileAssembler::emitShort@10 (line 63)
              ; - jdk.internal.reflect.ClassFileAssembler::emitConstantPoolNameAndType@13 (line 121)
              ; - jdk.internal.reflect.MethodAccessorGenerator::generate@353 (line 314)
              ;   {runtime_call throw_null_pointer_exception Runtime1 stub}
  0x041aa0e0: e6fe e8f9 

  0x041aa0e4: ; ImmutableOopMap {[404]=Oop [88]=Oop [96]=Oop [124]=Oop [92]=Oop esi=Oop [176]=Oop ecx=Oop }
              ;*invokeinterface add {reexecute=0 rethrow=0 return_oop=0}
              ; - jdk.internal.reflect.ClassFileAssembler::emitByte@5 (line 74)
              ; - jdk.internal.reflect.ClassFileAssembler::emitShort@10 (line 63)
              ; - jdk.internal.reflect.ClassFileAssembler::emitConstantPoolNameAndType@13 (line 121)
              ; - jdk.internal.reflect.MethodAccessorGenerator::generate@353 (line 314)
              ;   {runtime_call throw_incompatible_class_change_error Runtime1 stub}
  0x041aa0e4: 98e6 fee8 

  0x041aa0e8: ; ImmutableOopMap {[404]=Oop [88]=Oop [96]=Oop [124]=Oop [92]=Oop esi=Oop [176]=Oop ecx=Oop }
              ;*invokeinterface add {reexecute=0 rethrow=0 return_oop=0}
              ; - jdk.internal.reflect.ClassFileAssembler::emitByte@5 (line 74)
              ; - jdk.internal.reflect.ClassFileAssembler::emitShort@20 (line 64)
              ; - jdk.internal.reflect.ClassFileAssembler::emitConstantPoolNameAndType@13 (line 121)
              ; - jdk.internal.reflect.MethodAccessorGenerator::generate@353 (line 314)
  0x041aa0e8: 7488 e6fe 

  0x041aa0ec: ;   {runtime_call throw_null_pointer_exception Runtime1 stub}
  0x041aa0ec: e8ef 98e6 

  0x041aa0f0: ; ImmutableOopMap {[404]=Oop [88]=Oop [96]=Oop [124]=Oop [92]=Oop esi=Oop [176]=Oop ecx=Oop }
              ;*invokeinterface add {reexecute=0 rethrow=0 return_oop=0}
              ; - jdk.internal.reflect.ClassFileAssembler::emitByte@5 (line 74)
              ; - jdk.internal.reflect.ClassFileAssembler::emitShort@20 (line 64)
              ; - jdk.internal.reflect.ClassFileAssembler::emitConstantPoolNameAndType@13 (line 121)
              ; - jdk.internal.reflect.MethodAccessorGenerator::generate@353 (line 314)
              ;   {runtime_call throw_null_pointer_exception Runtime1 stub}
  0x041aa0f0: fee8 ea98 

  0x041aa0f4: ; ImmutableOopMap {[404]=Oop [88]=Oop [96]=Oop [124]=Oop ecx=Oop [92]=Oop esi=Oop }
              ;*invokevirtual isInterface {reexecute=0 rethrow=0 return_oop=0}
              ; - jdk.internal.reflect.MethodAccessorGenerator::isInterface@4 (line 737)
              ; - jdk.internal.reflect.MethodAccessorGenerator::generate@357 (line 315)
              ;   {runtime_call throw_null_pointer_exception Runtime1 stub}
  0x041aa0f4: e6fe e8e5 

  0x041aa0f8: ; ImmutableOopMap {[404]=Oop [88]=Oop [96]=Oop [124]=Oop ecx=Oop [92]=Oop esi=Oop [188]=Oop }
              ;*invokevirtual cpi {reexecute=0 rethrow=0 return_oop=0}
              ; - jdk.internal.reflect.MethodAccessorGenerator::generate@375 (line 316)
              ;   {runtime_call throw_incompatible_class_change_error Runtime1 stub}
  0x041aa0f8: 98e6 fee8 

  0x041aa0fc: ; ImmutableOopMap {[404]=Oop [88]=Oop [96]=Oop [124]=Oop [92]=Oop ebx=Oop [188]=Oop }
              ;*invokeinterface add {reexecute=0 rethrow=0 return_oop=0}
              ; - jdk.internal.reflect.ClassFileAssembler::emitByte@5 (line 74)
              ; - jdk.internal.reflect.ClassFileAssembler::emitConstantPoolInterfaceMethodref@3 (line 146)
              ; - jdk.internal.reflect.MethodAccessorGenerator::generate@378 (line 316)
  0x041aa0fc: 6088 e6fe 

  0x041aa100: ;   {runtime_call throw_null_pointer_exception Runtime1 stub}
  0x041aa100: e8db 98e6 

  0x041aa104: ; ImmutableOopMap {[404]=Oop [88]=Oop [96]=Oop [124]=Oop [92]=Oop ebx=Oop [188]=Oop }
              ;*invokeinterface add {reexecute=0 rethrow=0 return_oop=0}
              ; - jdk.internal.reflect.ClassFileAssembler::emitByte@5 (line 74)
              ; - jdk.internal.reflect.ClassFileAssembler::emitConstantPoolInterfaceMethodref@3 (line 146)
              ; - jdk.internal.reflect.MethodAccessorGenerator::generate@378 (line 316)
              ;   {runtime_call throw_incompatible_class_change_error Runtime1 stub}
  0x041aa104: fee8 5688 

  0x041aa108: ; ImmutableOopMap {[404]=Oop [88]=Oop [96]=Oop [124]=Oop [92]=Oop esi=Oop [188]=Oop ecx=Oop }
              ;*invokeinterface add {reexecute=0 rethrow=0 return_oop=0}
              ; - jdk.internal.reflect.ClassFileAssembler::emitByte@5 (line 74)
              ; - jdk.internal.reflect.ClassFileAssembler::emitShort@10 (line 63)
              ; - jdk.internal.reflect.ClassFileAssembler::emitConstantPoolInterfaceMethodref@8 (line 147)
              ; - jdk.internal.reflect.MethodAccessorGenerator::generate@378 (line 316)
              ;   {runtime_call throw_null_pointer_exception Runtime1 stub}
  0x041aa108: e6fe e8d1 

  0x041aa10c: ; ImmutableOopMap {[404]=Oop [88]=Oop [96]=Oop [124]=Oop [92]=Oop esi=Oop [188]=Oop ecx=Oop }
              ;*invokeinterface add {reexecute=0 rethrow=0 return_oop=0}
              ; - jdk.internal.reflect.ClassFileAssembler::emitByte@5 (line 74)
              ; - jdk.internal.reflect.ClassFileAssembler::emitShort@10 (line 63)
              ; - jdk.internal.reflect.ClassFileAssembler::emitConstantPoolInterfaceMethodref@8 (line 147)
              ; - jdk.internal.reflect.MethodAccessorGenerator::generate@378 (line 316)
              ;   {runtime_call throw_incompatible_class_change_error Runtime1 stub}
  0x041aa10c: 98e6 fee8 

  0x041aa110: ; ImmutableOopMap {[404]=Oop [88]=Oop [96]=Oop [124]=Oop [92]=Oop esi=Oop [188]=Oop ecx=Oop }
              ;*invokeinterface add {reexecute=0 rethrow=0 return_oop=0}
              ; - jdk.internal.reflect.ClassFileAssembler::emitByte@5 (line 74)
              ; - jdk.internal.reflect.ClassFileAssembler::emitShort@20 (line 64)
              ; - jdk.internal.reflect.ClassFileAssembler::emitConstantPoolInterfaceMethodref@8 (line 147)
              ; - jdk.internal.reflect.MethodAccessorGenerator::generate@378 (line 316)
  0x041aa110: 4c88 e6fe 

  0x041aa114: ;   {runtime_call throw_null_pointer_exception Runtime1 stub}
  0x041aa114: e8c7 98e6 

  0x041aa118: ; ImmutableOopMap {[404]=Oop [88]=Oop [96]=Oop [124]=Oop [92]=Oop esi=Oop [188]=Oop ecx=Oop }
              ;*invokeinterface add {reexecute=0 rethrow=0 return_oop=0}
              ; - jdk.internal.reflect.ClassFileAssembler::emitByte@5 (line 74)
              ; - jdk.internal.reflect.ClassFileAssembler::emitShort@20 (line 64)
              ; - jdk.internal.reflect.ClassFileAssembler::emitConstantPoolInterfaceMethodref@8 (line 147)
              ; - jdk.internal.reflect.MethodAccessorGenerator::generate@378 (line 316)
              ;   {runtime_call throw_incompatible_class_change_error Runtime1 stub}
  0x041aa118: fee8 4288 

  0x041aa11c: ; ImmutableOopMap {[404]=Oop [88]=Oop [96]=Oop [124]=Oop [92]=Oop esi=Oop [188]=Oop ecx=Oop }
              ;*invokeinterface add {reexecute=0 rethrow=0 return_oop=0}
              ; - jdk.internal.reflect.ClassFileAssembler::emitByte@5 (line 74)
              ; - jdk.internal.reflect.ClassFileAssembler::emitShort@10 (line 63)
              ; - jdk.internal.reflect.ClassFileAssembler::emitConstantPoolInterfaceMethodref@13 (line 148)
              ; - jdk.internal.reflect.MethodAccessorGenerator::generate@378 (line 316)
              ;   {runtime_call throw_null_pointer_exception Runtime1 stub}
  0x041aa11c: e6fe e8bd 

  0x041aa120: ; ImmutableOopMap {[404]=Oop [88]=Oop [96]=Oop [124]=Oop [92]=Oop esi=Oop [188]=Oop ecx=Oop }
              ;*invokeinterface add {reexecute=0 rethrow=0 return_oop=0}
              ; - jdk.internal.reflect.ClassFileAssembler::emitByte@5 (line 74)
              ; - jdk.internal.reflect.ClassFileAssembler::emitShort@10 (line 63)
              ; - jdk.internal.reflect.ClassFileAssembler::emitConstantPoolInterfaceMethodref@13 (line 148)
              ; - jdk.internal.reflect.MethodAccessorGenerator::generate@378 (line 316)
              ;   {runtime_call throw_incompatible_class_change_error Runtime1 stub}
  0x041aa120: 98e6 fee8 

  0x041aa124: ; ImmutableOopMap {[404]=Oop [88]=Oop [96]=Oop [124]=Oop [92]=Oop esi=Oop [188]=Oop ecx=Oop }
              ;*invokeinterface add {reexecute=0 rethrow=0 return_oop=0}
              ; - jdk.internal.reflect.ClassFileAssembler::emitByte@5 (line 74)
              ; - jdk.internal.reflect.ClassFileAssembler::emitShort@20 (line 64)
              ; - jdk.internal.reflect.ClassFileAssembler::emitConstantPoolInterfaceMethodref@13 (line 148)
              ; - jdk.internal.reflect.MethodAccessorGenerator::generate@378 (line 316)
  0x041aa124: 3888 e6fe 

  0x041aa128: ;   {runtime_call throw_null_pointer_exception Runtime1 stub}
  0x041aa128: e8b3 98e6 

  0x041aa12c: ; ImmutableOopMap {[404]=Oop [88]=Oop [96]=Oop [124]=Oop [92]=Oop esi=Oop [188]=Oop ecx=Oop }
              ;*invokeinterface add {reexecute=0 rethrow=0 return_oop=0}
              ; - jdk.internal.reflect.ClassFileAssembler::emitByte@5 (line 74)
              ; - jdk.internal.reflect.ClassFileAssembler::emitShort@20 (line 64)
              ; - jdk.internal.reflect.ClassFileAssembler::emitConstantPoolInterfaceMethodref@13 (line 148)
              ; - jdk.internal.reflect.MethodAccessorGenerator::generate@378 (line 316)
              ;   {runtime_call throw_null_pointer_exception Runtime1 stub}
  0x041aa12c: fee8 ae98 

  0x041aa130: ; ImmutableOopMap {[404]=Oop [88]=Oop [96]=Oop [124]=Oop ecx=Oop [92]=Oop esi=Oop [200]=Oop }
              ;*invokevirtual cpi {reexecute=0 rethrow=0 return_oop=0}
              ; - jdk.internal.reflect.MethodAccessorGenerator::generate@399 (line 319)
              ;   {runtime_call throw_incompatible_class_change_error Runtime1 stub}
  0x041aa130: e6fe e829 

  0x041aa134: ; ImmutableOopMap {[404]=Oop [88]=Oop [96]=Oop [124]=Oop [92]=Oop edi=Oop [200]=Oop }
              ;*invokeinterface add {reexecute=0 rethrow=0 return_oop=0}
              ; - jdk.internal.reflect.ClassFileAssembler::emitByte@5 (line 74)
              ; - jdk.internal.reflect.ClassFileAssembler::emitConstantPoolMethodref@3 (line 137)
              ; - jdk.internal.reflect.MethodAccessorGenerator::generate@402 (line 319)
              ;   {runtime_call throw_null_pointer_exception Runtime1 stub}
  0x041aa134: 88e6 fee8 

  0x041aa138: ; ImmutableOopMap {[404]=Oop [88]=Oop [96]=Oop [124]=Oop [92]=Oop edi=Oop [200]=Oop }
              ;*invokeinterface add {reexecute=0 rethrow=0 return_oop=0}
              ; - jdk.internal.reflect.ClassFileAssembler::emitByte@5 (line 74)
              ; - jdk.internal.reflect.ClassFileAssembler::emitConstantPoolMethodref@3 (line 137)
              ; - jdk.internal.reflect.MethodAccessorGenerator::generate@402 (line 319)
  0x041aa138: a498 e6fe 

  0x041aa13c: ;   {runtime_call throw_incompatible_class_change_error Runtime1 stub}
  0x041aa13c: e81f 88e6 

  0x041aa140: ; ImmutableOopMap {[404]=Oop [88]=Oop [96]=Oop [124]=Oop [92]=Oop esi=Oop [200]=Oop ecx=Oop }
              ;*invokeinterface add {reexecute=0 rethrow=0 return_oop=0}
              ; - jdk.internal.reflect.ClassFileAssembler::emitByte@5 (line 74)
              ; - jdk.internal.reflect.ClassFileAssembler::emitShort@10 (line 63)
              ; - jdk.internal.reflect.ClassFileAssembler::emitConstantPoolMethodref@8 (line 138)
              ; - jdk.internal.reflect.MethodAccessorGenerator::generate@402 (line 319)
              ;   {runtime_call throw_null_pointer_exception Runtime1 stub}
  0x041aa140: fee8 9a98 

  0x041aa144: ; ImmutableOopMap {[404]=Oop [88]=Oop [96]=Oop [124]=Oop [92]=Oop esi=Oop [200]=Oop ecx=Oop }
              ;*invokeinterface add {reexecute=0 rethrow=0 return_oop=0}
              ; - jdk.internal.reflect.ClassFileAssembler::emitByte@5 (line 74)
              ; - jdk.internal.reflect.ClassFileAssembler::emitShort@10 (line 63)
              ; - jdk.internal.reflect.ClassFileAssembler::emitConstantPoolMethodref@8 (line 138)
              ; - jdk.internal.reflect.MethodAccessorGenerator::generate@402 (line 319)
              ;   {runtime_call throw_incompatible_class_change_error Runtime1 stub}
  0x041aa144: e6fe e815 

  0x041aa148: ; ImmutableOopMap {[404]=Oop [88]=Oop [96]=Oop [124]=Oop [92]=Oop esi=Oop [200]=Oop ecx=Oop }
              ;*invokeinterface add {reexecute=0 rethrow=0 return_oop=0}
              ; - jdk.internal.reflect.ClassFileAssembler::emitByte@5 (line 74)
              ; - jdk.internal.reflect.ClassFileAssembler::emitShort@20 (line 64)
              ; - jdk.internal.reflect.ClassFileAssembler::emitConstantPoolMethodref@8 (line 138)
              ; - jdk.internal.reflect.MethodAccessorGenerator::generate@402 (line 319)
              ;   {runtime_call throw_null_pointer_exception Runtime1 stub}
  0x041aa148: 88e6 fee8 

  0x041aa14c: ; ImmutableOopMap {[404]=Oop [88]=Oop [96]=Oop [124]=Oop [92]=Oop esi=Oop [200]=Oop ecx=Oop }
              ;*invokeinterface add {reexecute=0 rethrow=0 return_oop=0}
              ; - jdk.internal.reflect.ClassFileAssembler::emitByte@5 (line 74)
              ; - jdk.internal.reflect.ClassFileAssembler::emitShort@20 (line 64)
              ; - jdk.internal.reflect.ClassFileAssembler::emitConstantPoolMethodref@8 (line 138)
              ; - jdk.internal.reflect.MethodAccessorGenerator::generate@402 (line 319)
  0x041aa14c: 9098 e6fe 

  0x041aa150: ;   {runtime_call throw_incompatible_class_change_error Runtime1 stub}
  0x041aa150: e80b 88e6 

  0x041aa154: ; ImmutableOopMap {[404]=Oop [88]=Oop [96]=Oop [124]=Oop [92]=Oop esi=Oop [200]=Oop ecx=Oop }
              ;*invokeinterface add {reexecute=0 rethrow=0 return_oop=0}
              ; - jdk.internal.reflect.ClassFileAssembler::emitByte@5 (line 74)
              ; - jdk.internal.reflect.ClassFileAssembler::emitShort@10 (line 63)
              ; - jdk.internal.reflect.ClassFileAssembler::emitConstantPoolMethodref@13 (line 139)
              ; - jdk.internal.reflect.MethodAccessorGenerator::generate@402 (line 319)
              ;   {runtime_call throw_null_pointer_exception Runtime1 stub}
  0x041aa154: fee8 8698 

  0x041aa158: ; ImmutableOopMap {[404]=Oop [88]=Oop [96]=Oop [124]=Oop [92]=Oop esi=Oop [200]=Oop ecx=Oop }
              ;*invokeinterface add {reexecute=0 rethrow=0 return_oop=0}
              ; - jdk.internal.reflect.ClassFileAssembler::emitByte@5 (line 74)
              ; - jdk.internal.reflect.ClassFileAssembler::emitShort@10 (line 63)
              ; - jdk.internal.reflect.ClassFileAssembler::emitConstantPoolMethodref@13 (line 139)
              ; - jdk.internal.reflect.MethodAccessorGenerator::generate@402 (line 319)
              ;   {runtime_call throw_incompatible_class_change_error Runtime1 stub}
  0x041aa158: e6fe e801 

  0x041aa15c: ; ImmutableOopMap {[404]=Oop [88]=Oop [96]=Oop [124]=Oop [92]=Oop esi=Oop [200]=Oop ecx=Oop }
              ;*invokeinterface add {reexecute=0 rethrow=0 return_oop=0}
              ; - jdk.internal.reflect.ClassFileAssembler::emitByte@5 (line 74)
              ; - jdk.internal.reflect.ClassFileAssembler::emitShort@20 (line 64)
              ; - jdk.internal.reflect.ClassFileAssembler::emitConstantPoolMethodref@13 (line 139)
              ; - jdk.internal.reflect.MethodAccessorGenerator::generate@402 (line 319)
              ;   {runtime_call throw_null_pointer_exception Runtime1 stub}
  0x041aa15c: 88e6 fee8 

  0x041aa160: ; ImmutableOopMap {[404]=Oop [88]=Oop [96]=Oop [124]=Oop [92]=Oop esi=Oop [200]=Oop ecx=Oop }
              ;*invokeinterface add {reexecute=0 rethrow=0 return_oop=0}
              ; - jdk.internal.reflect.ClassFileAssembler::emitByte@5 (line 74)
              ; - jdk.internal.reflect.ClassFileAssembler::emitShort@20 (line 64)
              ; - jdk.internal.reflect.ClassFileAssembler::emitConstantPoolMethodref@13 (line 139)
              ; - jdk.internal.reflect.MethodAccessorGenerator::generate@402 (line 319)
  0x041aa160: 7c98 e6fe 

  0x041aa164: ;   {runtime_call throw_null_pointer_exception Runtime1 stub}
  0x041aa164: e877 98e6 

  0x041aa168: ; ImmutableOopMap {[404]=Oop [88]=Oop [96]=Oop [124]=Oop ecx=Oop [92]=Oop esi=Oop [208]=Oop }
              ;*invokevirtual cpi {reexecute=0 rethrow=0 return_oop=0}
              ; - jdk.internal.reflect.MethodAccessorGenerator::generate@420 (line 321)
              ;   {runtime_call throw_incompatible_class_change_error Runtime1 stub}
  0x041aa168: fee8 f287 

  0x041aa16c: ; ImmutableOopMap {[404]=Oop [88]=Oop [96]=Oop [124]=Oop [92]=Oop ebx=Oop [208]=Oop }
              ;*invokeinterface add {reexecute=0 rethrow=0 return_oop=0}
              ; - jdk.internal.reflect.ClassFileAssembler::emitByte@5 (line 74)
              ; - jdk.internal.reflect.ClassFileAssembler::emitConstantPoolMethodref@3 (line 137)
              ; - jdk.internal.reflect.MethodAccessorGenerator::generate@423 (line 321)
              ;   {runtime_call throw_null_pointer_exception Runtime1 stub}
  0x041aa16c: e6fe e86d 

  0x041aa170: ; ImmutableOopMap {[404]=Oop [88]=Oop [96]=Oop [124]=Oop [92]=Oop ebx=Oop [208]=Oop }
              ;*invokeinterface add {reexecute=0 rethrow=0 return_oop=0}
              ; - jdk.internal.reflect.ClassFileAssembler::emitByte@5 (line 74)
              ; - jdk.internal.reflect.ClassFileAssembler::emitConstantPoolMethodref@3 (line 137)
              ; - jdk.internal.reflect.MethodAccessorGenerator::generate@423 (line 321)
              ;   {runtime_call throw_incompatible_class_change_error Runtime1 stub}
  0x041aa170: 98e6 fee8 

  0x041aa174: ; ImmutableOopMap {[404]=Oop [88]=Oop [96]=Oop [124]=Oop [92]=Oop esi=Oop [208]=Oop ecx=Oop }
              ;*invokeinterface add {reexecute=0 rethrow=0 return_oop=0}
              ; - jdk.internal.reflect.ClassFileAssembler::emitByte@5 (line 74)
              ; - jdk.internal.reflect.ClassFileAssembler::emitShort@10 (line 63)
              ; - jdk.internal.reflect.ClassFileAssembler::emitConstantPoolMethodref@8 (line 138)
              ; - jdk.internal.reflect.MethodAccessorGenerator::generate@423 (line 321)
  0x041aa174: e887 e6fe 

  0x041aa178: ;   {runtime_call throw_null_pointer_exception Runtime1 stub}
  0x041aa178: e863 98e6 

  0x041aa17c: ; ImmutableOopMap {[404]=Oop [88]=Oop [96]=Oop [124]=Oop [92]=Oop esi=Oop [208]=Oop ecx=Oop }
              ;*invokeinterface add {reexecute=0 rethrow=0 return_oop=0}
              ; - jdk.internal.reflect.ClassFileAssembler::emitByte@5 (line 74)
              ; - jdk.internal.reflect.ClassFileAssembler::emitShort@10 (line 63)
              ; - jdk.internal.reflect.ClassFileAssembler::emitConstantPoolMethodref@8 (line 138)
              ; - jdk.internal.reflect.MethodAccessorGenerator::generate@423 (line 321)
              ;   {runtime_call throw_incompatible_class_change_error Runtime1 stub}
  0x041aa17c: fee8 de87 

  0x041aa180: ; ImmutableOopMap {[404]=Oop [88]=Oop [96]=Oop [124]=Oop [92]=Oop esi=Oop [208]=Oop ecx=Oop }
              ;*invokeinterface add {reexecute=0 rethrow=0 return_oop=0}
              ; - jdk.internal.reflect.ClassFileAssembler::emitByte@5 (line 74)
              ; - jdk.internal.reflect.ClassFileAssembler::emitShort@20 (line 64)
              ; - jdk.internal.reflect.ClassFileAssembler::emitConstantPoolMethodref@8 (line 138)
              ; - jdk.internal.reflect.MethodAccessorGenerator::generate@423 (line 321)
              ;   {runtime_call throw_null_pointer_exception Runtime1 stub}
  0x041aa180: e6fe e859 

  0x041aa184: ; ImmutableOopMap {[404]=Oop [88]=Oop [96]=Oop [124]=Oop [92]=Oop esi=Oop [208]=Oop ecx=Oop }
              ;*invokeinterface add {reexecute=0 rethrow=0 return_oop=0}
              ; - jdk.internal.reflect.ClassFileAssembler::emitByte@5 (line 74)
              ; - jdk.internal.reflect.ClassFileAssembler::emitShort@20 (line 64)
              ; - jdk.internal.reflect.ClassFileAssembler::emitConstantPoolMethodref@8 (line 138)
              ; - jdk.internal.reflect.MethodAccessorGenerator::generate@423 (line 321)
              ;   {runtime_call throw_incompatible_class_change_error Runtime1 stub}
  0x041aa184: 98e6 fee8 

  0x041aa188: ; ImmutableOopMap {[404]=Oop [88]=Oop [96]=Oop [124]=Oop [92]=Oop esi=Oop [208]=Oop ecx=Oop }
              ;*invokeinterface add {reexecute=0 rethrow=0 return_oop=0}
              ; - jdk.internal.reflect.ClassFileAssembler::emitByte@5 (line 74)
              ; - jdk.internal.reflect.ClassFileAssembler::emitShort@10 (line 63)
              ; - jdk.internal.reflect.ClassFileAssembler::emitConstantPoolMethodref@13 (line 139)
              ; - jdk.internal.reflect.MethodAccessorGenerator::generate@423 (line 321)
  0x041aa188: d487 e6fe 

  0x041aa18c: ;   {runtime_call throw_null_pointer_exception Runtime1 stub}
  0x041aa18c: e84f 98e6 

  0x041aa190: ; ImmutableOopMap {[404]=Oop [88]=Oop [96]=Oop [124]=Oop [92]=Oop esi=Oop [208]=Oop ecx=Oop }
              ;*invokeinterface add {reexecute=0 rethrow=0 return_oop=0}
              ; - jdk.internal.reflect.ClassFileAssembler::emitByte@5 (line 74)
              ; - jdk.internal.reflect.ClassFileAssembler::emitShort@10 (line 63)
              ; - jdk.internal.reflect.ClassFileAssembler::emitConstantPoolMethodref@13 (line 139)
              ; - jdk.internal.reflect.MethodAccessorGenerator::generate@423 (line 321)
              ;   {runtime_call throw_incompatible_class_change_error Runtime1 stub}
  0x041aa190: fee8 ca87 

  0x041aa194: ; ImmutableOopMap {[404]=Oop [88]=Oop [96]=Oop [124]=Oop [92]=Oop esi=Oop [208]=Oop ecx=Oop }
              ;*invokeinterface add {reexecute=0 rethrow=0 return_oop=0}
              ; - jdk.internal.reflect.ClassFileAssembler::emitByte@5 (line 74)
              ; - jdk.internal.reflect.ClassFileAssembler::emitShort@20 (line 64)
              ; - jdk.internal.reflect.ClassFileAssembler::emitConstantPoolMethodref@13 (line 139)
              ; - jdk.internal.reflect.MethodAccessorGenerator::generate@423 (line 321)
              ;   {runtime_call throw_null_pointer_exception Runtime1 stub}
  0x041aa194: e6fe e845 

  0x041aa198: ; ImmutableOopMap {[404]=Oop [88]=Oop [96]=Oop [124]=Oop [92]=Oop esi=Oop [208]=Oop ecx=Oop }
              ;*invokeinterface add {reexecute=0 rethrow=0 return_oop=0}
              ; - jdk.internal.reflect.ClassFileAssembler::emitByte@5 (line 74)
              ; - jdk.internal.reflect.ClassFileAssembler::emitShort@20 (line 64)
              ; - jdk.internal.reflect.ClassFileAssembler::emitConstantPoolMethodref@13 (line 139)
              ; - jdk.internal.reflect.MethodAccessorGenerator::generate@423 (line 321)
              ;   {runtime_call throw_null_pointer_exception Runtime1 stub}
  0x041aa198: 98e6 fee8 

  0x041aa19c: ; ImmutableOopMap {[404]=Oop [88]=Oop [96]=Oop [124]=Oop ecx=Oop [92]=Oop esi=Oop }
              ;*invokevirtual cpi {reexecute=0 rethrow=0 return_oop=0}
              ; - jdk.internal.reflect.MethodAccessorGenerator::generate@431 (line 324)
  0x041aa19c: 4098 e6fe 

  0x041aa1a0: ;   {runtime_call throw_null_pointer_exception Runtime1 stub}
  0x041aa1a0: e83b 98e6 

  0x041aa1a4: ; ImmutableOopMap {[404]=Oop [88]=Oop [96]=Oop [124]=Oop ecx=Oop [92]=Oop esi=Oop }
              ;*invokevirtual cpi {reexecute=0 rethrow=0 return_oop=0}
              ; - jdk.internal.reflect.MethodAccessorGenerator::generate@468 (line 330)
              ;   {runtime_call throw_null_pointer_exception Runtime1 stub}
  0x041aa1a4: fee8 3698 

  0x041aa1a8: ; ImmutableOopMap {[404]=Oop [88]=Oop [96]=Oop [124]=Oop ecx=Oop [92]=Oop }
              ;*invokevirtual cpi {reexecute=0 rethrow=0 return_oop=0}
              ; - jdk.internal.reflect.MethodAccessorGenerator::generate@505 (line 337)
              ;   {runtime_call throw_null_pointer_exception Runtime1 stub}
  0x041aa1a8: e6fe e831 

  0x041aa1ac: ; ImmutableOopMap {[88]=Oop [96]=Oop [124]=Oop ecx=Oop [92]=Oop edi=Oop [404]=Oop }
              ;*arraylength {reexecute=0 rethrow=0 return_oop=0}
              ; - jdk.internal.reflect.MethodAccessorGenerator::generate@532 (line 341)
              ;   {runtime_call throw_null_pointer_exception Runtime1 stub}
  0x041aa1ac: 98e6 fee8 

  0x041aa1b0: ; ImmutableOopMap {[88]=Oop [96]=Oop [124]=Oop ecx=Oop [92]=Oop edi=Oop [404]=Oop edx=Oop }
              ;*invokevirtual isPrimitive {reexecute=0 rethrow=0 return_oop=0}
              ; - jdk.internal.reflect.AccessorGenerator::isPrimitive@1 (line 698)
              ; - jdk.internal.reflect.MethodAccessorGenerator::generate@544 (line 343)
  0x041aa1b0: 2c98 e6fe 

  0x041aa1b4: ;   {runtime_call throw_null_pointer_exception Runtime1 stub}
  0x041aa1b4: e827 98e6 

  0x041aa1b8: ; ImmutableOopMap {[88]=Oop [96]=Oop [124]=Oop [404]=Oop [92]=Oop eax=Oop ebx=Oop }
              ;*invokevirtual emitConstantPoolUTF8 {reexecute=0 rethrow=0 return_oop=0}
              ; - jdk.internal.reflect.MethodAccessorGenerator::generate@560 (line 344)
              ;   {runtime_call throw_null_pointer_exception Runtime1 stub}
  0x041aa1b8: fee8 2298 

  0x041aa1bc: ; ImmutableOopMap {[88]=Oop [96]=Oop [124]=Oop [404]=Oop ecx=Oop [92]=Oop esi=Oop [228]=Oop }
              ;*invokevirtual cpi {reexecute=0 rethrow=0 return_oop=0}
              ; - jdk.internal.reflect.MethodAccessorGenerator::generate@571 (line 345)
              ;   {runtime_call throw_incompatible_class_change_error Runtime1 stub}
  0x041aa1bc: e6fe e89d 

  0x041aa1c0: ; ImmutableOopMap {[88]=Oop [96]=Oop [124]=Oop [404]=Oop [92]=Oop edi=Oop [228]=Oop }
              ;*invokeinterface add {reexecute=0 rethrow=0 return_oop=0}
              ; - jdk.internal.reflect.ClassFileAssembler::emitByte@5 (line 74)
              ; - jdk.internal.reflect.ClassFileAssembler::emitConstantPoolClass@3 (line 113)
              ; - jdk.internal.reflect.MethodAccessorGenerator::generate@574 (line 345)
              ;   {runtime_call throw_null_pointer_exception Runtime1 stub}
  0x041aa1c0: 87e6 fee8 

  0x041aa1c4: ; ImmutableOopMap {[88]=Oop [96]=Oop [124]=Oop [404]=Oop [92]=Oop edi=Oop [228]=Oop }
              ;*invokeinterface add {reexecute=0 rethrow=0 return_oop=0}
              ; - jdk.internal.reflect.ClassFileAssembler::emitByte@5 (line 74)
              ; - jdk.internal.reflect.ClassFileAssembler::emitConstantPoolClass@3 (line 113)
              ; - jdk.internal.reflect.MethodAccessorGenerator::generate@574 (line 345)
  0x041aa1c4: 1898 e6fe 

  0x041aa1c8: ;   {runtime_call throw_incompatible_class_change_error Runtime1 stub}
  0x041aa1c8: e893 87e6 

  0x041aa1cc: ; ImmutableOopMap {[88]=Oop [96]=Oop [124]=Oop [404]=Oop [92]=Oop esi=Oop [228]=Oop ecx=Oop }
              ;*invokeinterface add {reexecute=0 rethrow=0 return_oop=0}
              ; - jdk.internal.reflect.ClassFileAssembler::emitByte@5 (line 74)
              ; - jdk.internal.reflect.ClassFileAssembler::emitShort@10 (line 63)
              ; - jdk.internal.reflect.ClassFileAssembler::emitConstantPoolClass@8 (line 114)
              ; - jdk.internal.reflect.MethodAccessorGenerator::generate@574 (line 345)
              ;   {runtime_call throw_null_pointer_exception Runtime1 stub}
  0x041aa1cc: fee8 0e98 

  0x041aa1d0: ; ImmutableOopMap {[88]=Oop [96]=Oop [124]=Oop [404]=Oop [92]=Oop esi=Oop [228]=Oop ecx=Oop }
              ;*invokeinterface add {reexecute=0 rethrow=0 return_oop=0}
              ; - jdk.internal.reflect.ClassFileAssembler::emitByte@5 (line 74)
              ; - jdk.internal.reflect.ClassFileAssembler::emitShort@10 (line 63)
              ; - jdk.internal.reflect.ClassFileAssembler::emitConstantPoolClass@8 (line 114)
              ; - jdk.internal.reflect.MethodAccessorGenerator::generate@574 (line 345)
              ;   {runtime_call throw_incompatible_class_change_error Runtime1 stub}
  0x041aa1d0: e6fe e889 

  0x041aa1d4: ; ImmutableOopMap {[88]=Oop [96]=Oop [124]=Oop [404]=Oop [92]=Oop esi=Oop [228]=Oop ecx=Oop }
              ;*invokeinterface add {reexecute=0 rethrow=0 return_oop=0}
              ; - jdk.internal.reflect.ClassFileAssembler::emitByte@5 (line 74)
              ; - jdk.internal.reflect.ClassFileAssembler::emitShort@20 (line 64)
              ; - jdk.internal.reflect.ClassFileAssembler::emitConstantPoolClass@8 (line 114)
              ; - jdk.internal.reflect.MethodAccessorGenerator::generate@574 (line 345)
              ;   {runtime_call throw_null_pointer_exception Runtime1 stub}
  0x041aa1d4: 87e6 fee8 

  0x041aa1d8: ; ImmutableOopMap {[88]=Oop [96]=Oop [124]=Oop [404]=Oop [92]=Oop esi=Oop [228]=Oop ecx=Oop }
              ;*invokeinterface add {reexecute=0 rethrow=0 return_oop=0}
              ; - jdk.internal.reflect.ClassFileAssembler::emitByte@5 (line 74)
              ; - jdk.internal.reflect.ClassFileAssembler::emitShort@20 (line 64)
              ; - jdk.internal.reflect.ClassFileAssembler::emitConstantPoolClass@8 (line 114)
              ; - jdk.internal.reflect.MethodAccessorGenerator::generate@574 (line 345)
  0x041aa1d8: 0498 e6fe 

  0x041aa1dc: ;   {runtime_call throw_null_pointer_exception Runtime1 stub}
  0x041aa1dc: e8ff 97e6 

  0x041aa1e0: ; ImmutableOopMap {[88]=Oop [96]=Oop [124]=Oop ecx=Oop [92]=Oop esi=Oop [252]=Oop }
              ;*invokevirtual cpi {reexecute=0 rethrow=0 return_oop=0}
              ; - jdk.internal.reflect.MethodAccessorGenerator::generate@600 (line 357)
              ;   {runtime_call fast_new_instance Runtime1 stub}
  0x041aa1e0: fe8b d2e8 

  0x041aa1e4: ; ImmutableOopMap {[92]=Oop }
              ;*new {reexecute=0 rethrow=0 return_oop=0}
              ; - jdk.internal.reflect.MethodAccessorGenerator::generate@608 (line 358)
  0x041aa1e4: 2894 e6fe | e997 efff 

  0x041aa1ec: ;   {runtime_call fast_new_instance Runtime1 stub}
  0x041aa1ec: ff8b d2e8 

  0x041aa1f0: ; ImmutableOopMap {[92]=Oop [236]=Oop }
              ;*new {reexecute=0 rethrow=0 return_oop=0}
              ; - jdk.internal.reflect.MethodAccessorGenerator::generate@612 (line 358)
  0x041aa1f0: 1c94 e6fe | e9d4 efff 

  0x041aa1f8: ;   {runtime_call throw_null_pointer_exception Runtime1 stub}
  0x041aa1f8: ffe8 e297 

  0x041aa1fc: ; ImmutableOopMap {[236]=Oop [240]=Oop }
              ;*invokevirtual cpi {reexecute=0 rethrow=0 return_oop=0}
              ; - jdk.internal.reflect.MethodAccessorGenerator::generate@628 (line 358)
  0x041aa1fc: e6fe 8bd2 

  0x041aa200: ;   {runtime_call fast_new_instance Runtime1 stub}
  0x041aa200: e80b 94e6 

  0x041aa204: ; ImmutableOopMap {[236]=Oop ebx=Oop }
              ;*new {reexecute=0 rethrow=0 return_oop=0}
              ; - java.lang.StringLatin1::newString@7 (line 769)
              ; - java.lang.StringBuilder::toString@16 (line 453)
              ; - jdk.internal.reflect.MethodAccessorGenerator::generate@649 (line 358)
  0x041aa204: fee9 d6f0 

  0x041aa208: ;   {runtime_call throw_incompatible_class_change_error Runtime1 stub}
  0x041aa208: ffff e851 

  0x041aa20c: ; ImmutableOopMap {[124]=Oop [92]=Oop [88]=Oop [96]=Oop ebx=Oop [252]=Oop }
              ;*invokeinterface add {reexecute=0 rethrow=0 return_oop=0}
              ; - jdk.internal.reflect.ClassFileAssembler::emitByte@5 (line 74)
              ; - jdk.internal.reflect.ClassFileAssembler::emitShort@10 (line 63)
              ; - jdk.internal.reflect.MethodAccessorGenerator::generate@661 (line 363)
              ;   {runtime_call throw_null_pointer_exception Runtime1 stub}
  0x041aa20c: 87e6 fee8 

  0x041aa210: ; ImmutableOopMap {[124]=Oop [92]=Oop [88]=Oop [96]=Oop ebx=Oop [252]=Oop }
              ;*invokeinterface add {reexecute=0 rethrow=0 return_oop=0}
              ; - jdk.internal.reflect.ClassFileAssembler::emitByte@5 (line 74)
              ; - jdk.internal.reflect.ClassFileAssembler::emitShort@10 (line 63)
              ; - jdk.internal.reflect.MethodAccessorGenerator::generate@661 (line 363)
  0x041aa210: cc97 e6fe 

  0x041aa214: ;   {runtime_call throw_incompatible_class_change_error Runtime1 stub}
  0x041aa214: e847 87e6 

  0x041aa218: ; ImmutableOopMap {[96]=Oop [92]=Oop [88]=Oop [124]=Oop ecx=Oop }
              ;*invokeinterface add {reexecute=0 rethrow=0 return_oop=0}
              ; - jdk.internal.reflect.ClassFileAssembler::emitByte@5 (line 74)
              ; - jdk.internal.reflect.ClassFileAssembler::emitShort@20 (line 64)
              ; - jdk.internal.reflect.MethodAccessorGenerator::generate@661 (line 363)
              ;   {runtime_call throw_null_pointer_exception Runtime1 stub}
  0x041aa218: fee8 c297 

  0x041aa21c: ; ImmutableOopMap {[96]=Oop [92]=Oop [88]=Oop [124]=Oop ecx=Oop }
              ;*invokeinterface add {reexecute=0 rethrow=0 return_oop=0}
              ; - jdk.internal.reflect.ClassFileAssembler::emitByte@5 (line 74)
              ; - jdk.internal.reflect.ClassFileAssembler::emitShort@20 (line 64)
              ; - jdk.internal.reflect.MethodAccessorGenerator::generate@661 (line 363)
              ;   {runtime_call throw_null_pointer_exception Runtime1 stub}
  0x041aa21c: e6fe e8bd 

  0x041aa220: ; ImmutableOopMap {[96]=Oop [88]=Oop [124]=Oop ecx=Oop [92]=Oop esi=Oop [256]=Oop }
              ;*invokevirtual emitShort {reexecute=0 rethrow=0 return_oop=0}
              ; - jdk.internal.reflect.MethodAccessorGenerator::generate@672 (line 366)
              ;   {runtime_call throw_incompatible_class_change_error Runtime1 stub}
  0x041aa220: 97e6 fee8 

  0x041aa224: ; ImmutableOopMap {[96]=Oop [88]=Oop [124]=Oop ecx=Oop [92]=Oop ebx=Oop [256]=Oop }
              ;*invokeinterface add {reexecute=0 rethrow=0 return_oop=0}
              ; - jdk.internal.reflect.ClassFileAssembler::emitByte@5 (line 74)
              ; - jdk.internal.reflect.ClassFileAssembler::emitShort@10 (line 63)
              ; - jdk.internal.reflect.MethodAccessorGenerator::generate@672 (line 366)
  0x041aa224: 3887 e6fe 

  0x041aa228: ;   {runtime_call throw_null_pointer_exception Runtime1 stub}
  0x041aa228: e8b3 97e6 

  0x041aa22c: ; ImmutableOopMap {[96]=Oop [88]=Oop [124]=Oop ecx=Oop [92]=Oop ebx=Oop [256]=Oop }
              ;*invokeinterface add {reexecute=0 rethrow=0 return_oop=0}
              ; - jdk.internal.reflect.ClassFileAssembler::emitByte@5 (line 74)
              ; - jdk.internal.reflect.ClassFileAssembler::emitShort@10 (line 63)
              ; - jdk.internal.reflect.MethodAccessorGenerator::generate@672 (line 366)
              ;   {runtime_call throw_incompatible_class_change_error Runtime1 stub}
  0x041aa22c: fee8 2e87 

  0x041aa230: ; ImmutableOopMap {[96]=Oop [88]=Oop [124]=Oop [92]=Oop ecx=Oop }
              ;*invokeinterface add {reexecute=0 rethrow=0 return_oop=0}
              ; - jdk.internal.reflect.ClassFileAssembler::emitByte@5 (line 74)
              ; - jdk.internal.reflect.ClassFileAssembler::emitShort@20 (line 64)
              ; - jdk.internal.reflect.MethodAccessorGenerator::generate@672 (line 366)
              ;   {runtime_call throw_null_pointer_exception Runtime1 stub}
  0x041aa230: e6fe e8a9 

  0x041aa234: ; ImmutableOopMap {[96]=Oop [88]=Oop [124]=Oop [92]=Oop ecx=Oop }
              ;*invokeinterface add {reexecute=0 rethrow=0 return_oop=0}
              ; - jdk.internal.reflect.ClassFileAssembler::emitByte@5 (line 74)
              ; - jdk.internal.reflect.ClassFileAssembler::emitShort@20 (line 64)
              ; - jdk.internal.reflect.MethodAccessorGenerator::generate@672 (line 366)
              ;   {runtime_call throw_null_pointer_exception Runtime1 stub}
  0x041aa234: 97e6 fee8 

  0x041aa238: ; ImmutableOopMap {[96]=Oop [88]=Oop [124]=Oop ecx=Oop [92]=Oop esi=Oop [264]=Oop }
              ;*invokevirtual emitShort {reexecute=0 rethrow=0 return_oop=0}
              ; - jdk.internal.reflect.MethodAccessorGenerator::generate@683 (line 369)
  0x041aa238: a497 e6fe 

  0x041aa23c: ;   {runtime_call throw_incompatible_class_change_error Runtime1 stub}
  0x041aa23c: e81f 87e6 

  0x041aa240: ; ImmutableOopMap {[96]=Oop [88]=Oop [124]=Oop ecx=Oop [92]=Oop ebx=Oop [264]=Oop }
              ;*invokeinterface add {reexecute=0 rethrow=0 return_oop=0}
              ; - jdk.internal.reflect.ClassFileAssembler::emitByte@5 (line 74)
              ; - jdk.internal.reflect.ClassFileAssembler::emitShort@10 (line 63)
              ; - jdk.internal.reflect.MethodAccessorGenerator::generate@683 (line 369)
              ;   {runtime_call throw_null_pointer_exception Runtime1 stub}
  0x041aa240: fee8 9a97 

  0x041aa244: ; ImmutableOopMap {[96]=Oop [88]=Oop [124]=Oop ecx=Oop [92]=Oop ebx=Oop [264]=Oop }
              ;*invokeinterface add {reexecute=0 rethrow=0 return_oop=0}
              ; - jdk.internal.reflect.ClassFileAssembler::emitByte@5 (line 74)
              ; - jdk.internal.reflect.ClassFileAssembler::emitShort@10 (line 63)
              ; - jdk.internal.reflect.MethodAccessorGenerator::generate@683 (line 369)
              ;   {runtime_call throw_incompatible_class_change_error Runtime1 stub}
  0x041aa244: e6fe e815 

  0x041aa248: ; ImmutableOopMap {[96]=Oop [88]=Oop [124]=Oop [92]=Oop ecx=Oop }
              ;*invokeinterface add {reexecute=0 rethrow=0 return_oop=0}
              ; - jdk.internal.reflect.ClassFileAssembler::emitByte@5 (line 74)
              ; - jdk.internal.reflect.ClassFileAssembler::emitShort@20 (line 64)
              ; - jdk.internal.reflect.MethodAccessorGenerator::generate@683 (line 369)
              ;   {runtime_call throw_null_pointer_exception Runtime1 stub}
  0x041aa248: 87e6 fee8 

  0x041aa24c: ; ImmutableOopMap {[96]=Oop [88]=Oop [124]=Oop [92]=Oop ecx=Oop }
              ;*invokeinterface add {reexecute=0 rethrow=0 return_oop=0}
              ; - jdk.internal.reflect.ClassFileAssembler::emitByte@5 (line 74)
              ; - jdk.internal.reflect.ClassFileAssembler::emitShort@20 (line 64)
              ; - jdk.internal.reflect.MethodAccessorGenerator::generate@683 (line 369)
  0x041aa24c: 9097 e6fe 

  0x041aa250: ;   {runtime_call throw_null_pointer_exception Runtime1 stub}
  0x041aa250: e88b 97e6 

  0x041aa254: ; ImmutableOopMap {[96]=Oop [88]=Oop [124]=Oop ecx=Oop [92]=Oop esi=Oop }
              ;*invokevirtual emitShort {reexecute=0 rethrow=0 return_oop=0}
              ; - jdk.internal.reflect.MethodAccessorGenerator::generate@691 (line 372)
              ;   {runtime_call throw_incompatible_class_change_error Runtime1 stub}
  0x041aa254: fee8 0687 

  0x041aa258: ; ImmutableOopMap {[96]=Oop [88]=Oop [124]=Oop ecx=Oop [92]=Oop esi=Oop edi=Oop }
              ;*invokeinterface add {reexecute=0 rethrow=0 return_oop=0}
              ; - jdk.internal.reflect.ClassFileAssembler::emitByte@5 (line 74)
              ; - jdk.internal.reflect.ClassFileAssembler::emitShort@10 (line 63)
              ; - jdk.internal.reflect.MethodAccessorGenerator::generate@691 (line 372)
              ;   {runtime_call throw_null_pointer_exception Runtime1 stub}
  0x041aa258: e6fe e881 

  0x041aa25c: ; ImmutableOopMap {[96]=Oop [88]=Oop [124]=Oop ecx=Oop [92]=Oop esi=Oop edi=Oop }
              ;*invokeinterface add {reexecute=0 rethrow=0 return_oop=0}
              ; - jdk.internal.reflect.ClassFileAssembler::emitByte@5 (line 74)
              ; - jdk.internal.reflect.ClassFileAssembler::emitShort@10 (line 63)
              ; - jdk.internal.reflect.MethodAccessorGenerator::generate@691 (line 372)
              ;   {runtime_call throw_incompatible_class_change_error Runtime1 stub}
  0x041aa25c: 97e6 fee8 

  0x041aa260: ; ImmutableOopMap {[96]=Oop [88]=Oop [124]=Oop [92]=Oop ecx=Oop }
              ;*invokeinterface add {reexecute=0 rethrow=0 return_oop=0}
              ; - jdk.internal.reflect.ClassFileAssembler::emitByte@5 (line 74)
              ; - jdk.internal.reflect.ClassFileAssembler::emitShort@20 (line 64)
              ; - jdk.internal.reflect.MethodAccessorGenerator::generate@691 (line 372)
  0x041aa260: fc86 e6fe 

  0x041aa264: ;   {runtime_call throw_null_pointer_exception Runtime1 stub}
  0x041aa264: e877 97e6 

  0x041aa268: ; ImmutableOopMap {[96]=Oop [88]=Oop [124]=Oop [92]=Oop ecx=Oop }
              ;*invokeinterface add {reexecute=0 rethrow=0 return_oop=0}
              ; - jdk.internal.reflect.ClassFileAssembler::emitByte@5 (line 74)
              ; - jdk.internal.reflect.ClassFileAssembler::emitShort@20 (line 64)
              ; - jdk.internal.reflect.MethodAccessorGenerator::generate@691 (line 372)
              ;   {runtime_call throw_null_pointer_exception Runtime1 stub}
  0x041aa268: fee8 7297 

  0x041aa26c: ; ImmutableOopMap {[96]=Oop [88]=Oop [124]=Oop ecx=Oop [92]=Oop esi=Oop }
              ;*invokevirtual emitShort {reexecute=0 rethrow=0 return_oop=0}
              ; - jdk.internal.reflect.MethodAccessorGenerator::generate@699 (line 375)
              ;   {runtime_call throw_incompatible_class_change_error Runtime1 stub}
  0x041aa26c: e6fe e8ed 

  0x041aa270: ; ImmutableOopMap {[96]=Oop [88]=Oop [124]=Oop ecx=Oop [92]=Oop esi=Oop edi=Oop }
              ;*invokeinterface add {reexecute=0 rethrow=0 return_oop=0}
              ; - jdk.internal.reflect.ClassFileAssembler::emitByte@5 (line 74)
              ; - jdk.internal.reflect.ClassFileAssembler::emitShort@10 (line 63)
              ; - jdk.internal.reflect.MethodAccessorGenerator::generate@699 (line 375)
              ;   {runtime_call throw_null_pointer_exception Runtime1 stub}
  0x041aa270: 86e6 fee8 

  0x041aa274: ; ImmutableOopMap {[96]=Oop [88]=Oop [124]=Oop ecx=Oop [92]=Oop esi=Oop edi=Oop }
              ;*invokeinterface add {reexecute=0 rethrow=0 return_oop=0}
              ; - jdk.internal.reflect.ClassFileAssembler::emitByte@5 (line 74)
              ; - jdk.internal.reflect.ClassFileAssembler::emitShort@10 (line 63)
              ; - jdk.internal.reflect.MethodAccessorGenerator::generate@699 (line 375)
  0x041aa274: 6897 e6fe 

  0x041aa278: ;   {runtime_call throw_incompatible_class_change_error Runtime1 stub}
  0x041aa278: e8e3 86e6 

  0x041aa27c: ; ImmutableOopMap {[96]=Oop [88]=Oop [124]=Oop [92]=Oop ecx=Oop }
              ;*invokeinterface add {reexecute=0 rethrow=0 return_oop=0}
              ; - jdk.internal.reflect.ClassFileAssembler::emitByte@5 (line 74)
              ; - jdk.internal.reflect.ClassFileAssembler::emitShort@20 (line 64)
              ; - jdk.internal.reflect.MethodAccessorGenerator::generate@699 (line 375)
              ;   {runtime_call throw_null_pointer_exception Runtime1 stub}
  0x041aa27c: fee8 5e97 

  0x041aa280: ; ImmutableOopMap {[96]=Oop [88]=Oop [124]=Oop [92]=Oop ecx=Oop }
              ;*invokeinterface add {reexecute=0 rethrow=0 return_oop=0}
              ; - jdk.internal.reflect.ClassFileAssembler::emitByte@5 (line 74)
              ; - jdk.internal.reflect.ClassFileAssembler::emitShort@20 (line 64)
              ; - jdk.internal.reflect.MethodAccessorGenerator::generate@699 (line 375)
              ;   {runtime_call throw_null_pointer_exception Runtime1 stub}
  0x041aa280: e6fe e859 

  0x041aa284: ; ImmutableOopMap {[96]=Oop [88]=Oop [124]=Oop ecx=Oop [92]=Oop esi=Oop }
              ;*invokevirtual emitShort {reexecute=0 rethrow=0 return_oop=0}
              ; - jdk.internal.reflect.MethodAccessorGenerator::generate@707 (line 378)
              ;   {runtime_call throw_incompatible_class_change_error Runtime1 stub}
  0x041aa284: 97e6 fee8 

  0x041aa288: ; ImmutableOopMap {[96]=Oop [88]=Oop [124]=Oop ecx=Oop [92]=Oop esi=Oop edi=Oop }
              ;*invokeinterface add {reexecute=0 rethrow=0 return_oop=0}
              ; - jdk.internal.reflect.ClassFileAssembler::emitByte@5 (line 74)
              ; - jdk.internal.reflect.ClassFileAssembler::emitShort@10 (line 63)
              ; - jdk.internal.reflect.MethodAccessorGenerator::generate@707 (line 378)
  0x041aa288: d486 e6fe 

  0x041aa28c: ;   {runtime_call throw_null_pointer_exception Runtime1 stub}
  0x041aa28c: e84f 97e6 

  0x041aa290: ; ImmutableOopMap {[96]=Oop [88]=Oop [124]=Oop ecx=Oop [92]=Oop esi=Oop edi=Oop }
              ;*invokeinterface add {reexecute=0 rethrow=0 return_oop=0}
              ; - jdk.internal.reflect.ClassFileAssembler::emitByte@5 (line 74)
              ; - jdk.internal.reflect.ClassFileAssembler::emitShort@10 (line 63)
              ; - jdk.internal.reflect.MethodAccessorGenerator::generate@707 (line 378)
              ;   {runtime_call throw_incompatible_class_change_error Runtime1 stub}
  0x041aa290: fee8 ca86 

  0x041aa294: ; ImmutableOopMap {[96]=Oop [88]=Oop [124]=Oop [92]=Oop ecx=Oop }
              ;*invokeinterface add {reexecute=0 rethrow=0 return_oop=0}
              ; - jdk.internal.reflect.ClassFileAssembler::emitByte@5 (line 74)
              ; - jdk.internal.reflect.ClassFileAssembler::emitShort@20 (line 64)
              ; - jdk.internal.reflect.MethodAccessorGenerator::generate@707 (line 378)
              ;   {runtime_call throw_null_pointer_exception Runtime1 stub}
  0x041aa294: e6fe e845 

  0x041aa298: ; ImmutableOopMap {[96]=Oop [88]=Oop [124]=Oop [92]=Oop ecx=Oop }
              ;*invokeinterface add {reexecute=0 rethrow=0 return_oop=0}
              ; - jdk.internal.reflect.ClassFileAssembler::emitByte@5 (line 74)
              ; - jdk.internal.reflect.ClassFileAssembler::emitShort@20 (line 64)
              ; - jdk.internal.reflect.MethodAccessorGenerator::generate@707 (line 378)
              ;   {runtime_call throw_null_pointer_exception Runtime1 stub}
  0x041aa298: 97e6 fee8 

  0x041aa29c: ; ImmutableOopMap {[96]=Oop [88]=Oop [124]=Oop ecx=Oop [92]=Oop esi=Oop }
              ;*invokevirtual emitShort {reexecute=0 rethrow=0 return_oop=0}
              ; - jdk.internal.reflect.MethodAccessorGenerator::generate@723 (line 384)
  0x041aa29c: 4097 e6fe 

  0x041aa2a0: ;   {runtime_call throw_incompatible_class_change_error Runtime1 stub}
  0x041aa2a0: e8bb 86e6 

  0x041aa2a4: ; ImmutableOopMap {[96]=Oop [88]=Oop [124]=Oop ecx=Oop [92]=Oop esi=Oop edi=Oop }
              ;*invokeinterface add {reexecute=0 rethrow=0 return_oop=0}
              ; - jdk.internal.reflect.ClassFileAssembler::emitByte@5 (line 74)
              ; - jdk.internal.reflect.ClassFileAssembler::emitShort@10 (line 63)
              ; - jdk.internal.reflect.MethodAccessorGenerator::generate@723 (line 384)
              ;   {runtime_call throw_null_pointer_exception Runtime1 stub}
  0x041aa2a4: fee8 3697 

  0x041aa2a8: ; ImmutableOopMap {[96]=Oop [88]=Oop [124]=Oop ecx=Oop [92]=Oop esi=Oop edi=Oop }
              ;*invokeinterface add {reexecute=0 rethrow=0 return_oop=0}
              ; - jdk.internal.reflect.ClassFileAssembler::emitByte@5 (line 74)
              ; - jdk.internal.reflect.ClassFileAssembler::emitShort@10 (line 63)
              ; - jdk.internal.reflect.MethodAccessorGenerator::generate@723 (line 384)
              ;   {runtime_call throw_incompatible_class_change_error Runtime1 stub}
  0x041aa2a8: e6fe e8b1 

  0x041aa2ac: ; ImmutableOopMap {[96]=Oop [88]=Oop [124]=Oop [92]=Oop ecx=Oop }
              ;*invokeinterface add {reexecute=0 rethrow=0 return_oop=0}
              ; - jdk.internal.reflect.ClassFileAssembler::emitByte@5 (line 74)
              ; - jdk.internal.reflect.ClassFileAssembler::emitShort@20 (line 64)
              ; - jdk.internal.reflect.MethodAccessorGenerator::generate@723 (line 384)
              ;   {runtime_call throw_null_pointer_exception Runtime1 stub}
  0x041aa2ac: 86e6 fee8 

  0x041aa2b0: ; ImmutableOopMap {[96]=Oop [88]=Oop [124]=Oop [92]=Oop ecx=Oop }
              ;*invokeinterface add {reexecute=0 rethrow=0 return_oop=0}
              ; - jdk.internal.reflect.ClassFileAssembler::emitByte@5 (line 74)
              ; - jdk.internal.reflect.ClassFileAssembler::emitShort@20 (line 64)
              ; - jdk.internal.reflect.MethodAccessorGenerator::generate@723 (line 384)
  0x041aa2b0: 2c97 e6fe 

  0x041aa2b4: ;   {runtime_call fast_new_instance Runtime1 stub}
  0x041aa2b4: 8bd2 e855 

  0x041aa2b8: ; ImmutableOopMap {[88]=Oop [124]=Oop [92]=Oop ebx=Oop }
              ;*new {reexecute=0 rethrow=0 return_oop=0}
              ; - jdk.internal.reflect.MethodAccessorGenerator::generate@742 (line 394)
  0x041aa2b8: 93e6 fee9 | 51f4 ffff 

  0x041aa2c0: ;   {internal_word}
  0x041aa2c0: 5152 b98e | 971a 0464 | 8b14 2500 | 0000 008b | 52f4 898a | 5802 0000 

  0x041aa2d8: ;   {runtime_call SafepointBlob}
  0x041aa2d8: 5a59 e9c1 | b5e8 fe8b 

  0x041aa2e0: ;   {runtime_call fast_new_instance Runtime1 stub}
  0x041aa2e0: d2e8 2a93 

  0x041aa2e4: ; ImmutableOopMap {[236]=Oop [240]=Oop }
              ;*new {reexecute=0 rethrow=0 return_oop=0}
              ; - jdk.internal.reflect.ClassFileAssembler::cpi@7 (line 95)
              ; - jdk.internal.reflect.MethodAccessorGenerator::generate@628 (line 358)
  0x041aa2e4: e6fe e926 | f5ff ff8b 

  0x041aa2ec: ;   {runtime_call fast_new_instance Runtime1 stub}
  0x041aa2ec: d2e8 1e93 

  0x041aa2f0: ; ImmutableOopMap {[96]=Oop [124]=Oop [88]=Oop [92]=Oop }
              ;*new {reexecute=0 rethrow=0 return_oop=0}
              ; - jdk.internal.reflect.ClassFileAssembler::cpi@7 (line 95)
              ; - jdk.internal.reflect.MethodAccessorGenerator::generate@600 (line 357)
  0x041aa2f0: e6fe e97e | f5ff ff8b 

  0x041aa2f8: ;   {runtime_call fast_new_instance Runtime1 stub}
  0x041aa2f8: d2e8 1293 

  0x041aa2fc: ; ImmutableOopMap {[228]=Oop [404]=Oop [96]=Oop [92]=Oop [88]=Oop [124]=Oop }
              ;*new {reexecute=0 rethrow=0 return_oop=0}
              ; - jdk.internal.reflect.ClassFileAssembler::cpi@7 (line 95)
              ; - jdk.internal.reflect.MethodAccessorGenerator::generate@571 (line 345)
  0x041aa2fc: e6fe e9d6 | f5ff ff8b 

  0x041aa304: ;   {runtime_call fast_new_instance Runtime1 stub}
  0x041aa304: d2e8 0693 

  0x041aa308: ; ImmutableOopMap {[124]=Oop [88]=Oop [92]=Oop [96]=Oop [404]=Oop }
              ;*new {reexecute=0 rethrow=0 return_oop=0}
              ; - jdk.internal.reflect.ClassFileAssembler::cpi@7 (line 95)
              ; - jdk.internal.reflect.MethodAccessorGenerator::generate@516 (line 340)
  0x041aa308: e6fe e92e | f6ff ff8b 

  0x041aa310: ;   {runtime_call fast_new_instance Runtime1 stub}
  0x041aa310: d2e8 fa92 

  0x041aa314: ; ImmutableOopMap {[404]=Oop [96]=Oop [92]=Oop [88]=Oop [124]=Oop }
              ;*new {reexecute=0 rethrow=0 return_oop=0}
              ; - jdk.internal.reflect.ClassFileAssembler::cpi@7 (line 95)
              ; - jdk.internal.reflect.MethodAccessorGenerator::generate@505 (line 337)
  0x041aa314: e6fe e986 | f6ff ff8b 

  0x041aa31c: ;   {runtime_call fast_new_instance Runtime1 stub}
  0x041aa31c: d2e8 ee92 

  0x041aa320: ; ImmutableOopMap {[124]=Oop [88]=Oop [92]=Oop [96]=Oop [404]=Oop }
              ;*new {reexecute=0 rethrow=0 return_oop=0}
              ; - jdk.internal.reflect.ClassFileAssembler::cpi@7 (line 95)
              ; - jdk.internal.reflect.MethodAccessorGenerator::generate@468 (line 330)
  0x041aa320: e6fe e9de | f6ff ff8b 

  0x041aa328: ;   {runtime_call fast_new_instance Runtime1 stub}
  0x041aa328: d2e8 e292 

  0x041aa32c: ; ImmutableOopMap {[404]=Oop [96]=Oop [92]=Oop [88]=Oop [124]=Oop }
              ;*new {reexecute=0 rethrow=0 return_oop=0}
              ; - jdk.internal.reflect.ClassFileAssembler::cpi@7 (line 95)
              ; - jdk.internal.reflect.MethodAccessorGenerator::generate@431 (line 324)
  0x041aa32c: e6fe e936 | f7ff ff8b 

  0x041aa334: ;   {runtime_call fast_new_instance Runtime1 stub}
  0x041aa334: d2e8 d692 

  0x041aa338: ; ImmutableOopMap {[124]=Oop [88]=Oop [92]=Oop [96]=Oop [404]=Oop [208]=Oop }
              ;*new {reexecute=0 rethrow=0 return_oop=0}
              ; - jdk.internal.reflect.ClassFileAssembler::cpi@7 (line 95)
              ; - jdk.internal.reflect.MethodAccessorGenerator::generate@420 (line 321)
  0x041aa338: e6fe e98e | f7ff ff8b 

  0x041aa340: ;   {runtime_call fast_new_instance Runtime1 stub}
  0x041aa340: d2e8 ca92 

  0x041aa344: ; ImmutableOopMap {[404]=Oop [96]=Oop [92]=Oop [88]=Oop [124]=Oop [200]=Oop }
              ;*new {reexecute=0 rethrow=0 return_oop=0}
              ; - jdk.internal.reflect.ClassFileAssembler::cpi@7 (line 95)
              ; - jdk.internal.reflect.MethodAccessorGenerator::generate@399 (line 319)
  0x041aa344: e6fe e9e6 | f7ff ff8b 

  0x041aa34c: ;   {runtime_call fast_new_instance Runtime1 stub}
  0x041aa34c: d2e8 be92 

  0x041aa350: ; ImmutableOopMap {[124]=Oop [88]=Oop [92]=Oop [96]=Oop [404]=Oop [188]=Oop }
              ;*new {reexecute=0 rethrow=0 return_oop=0}
              ; - jdk.internal.reflect.ClassFileAssembler::cpi@7 (line 95)
              ; - jdk.internal.reflect.MethodAccessorGenerator::generate@375 (line 316)
  0x041aa350: e6fe e93e | f8ff ff8b 

  0x041aa358: ;   {runtime_call fast_new_instance Runtime1 stub}
  0x041aa358: d2e8 b292 

  0x041aa35c: ; ImmutableOopMap {[176]=Oop [404]=Oop [96]=Oop [92]=Oop [88]=Oop [124]=Oop }
              ;*new {reexecute=0 rethrow=0 return_oop=0}
              ; - jdk.internal.reflect.ClassFileAssembler::cpi@7 (line 95)
              ; - jdk.internal.reflect.MethodAccessorGenerator::generate@350 (line 314)
  0x041aa35c: e6fe e996 | f8ff ff8b 

  0x041aa364: ;   {runtime_call fast_new_instance Runtime1 stub}
  0x041aa364: d2e8 a692 

  0x041aa368: ; ImmutableOopMap {[124]=Oop [88]=Oop [92]=Oop [96]=Oop [404]=Oop [176]=Oop }
              ;*new {reexecute=0 rethrow=0 return_oop=0}
              ; - jdk.internal.reflect.ClassFileAssembler::cpi@7 (line 95)
              ; - jdk.internal.reflect.MethodAccessorGenerator::generate@339 (line 314)
  0x041aa368: e6fe e9ee | f8ff ff8b 

  0x041aa370: ;   {runtime_call fast_new_instance Runtime1 stub}
  0x041aa370: d2e8 9a92 

  0x041aa374: ; ImmutableOopMap {[400]=Oop [404]=Oop [96]=Oop [92]=Oop [88]=Oop [124]=Oop }
              ;*new {reexecute=0 rethrow=0 return_oop=0}
              ; - jdk.internal.reflect.ClassFileAssembler::cpi@7 (line 95)
              ; - jdk.internal.reflect.MethodAccessorGenerator::generate@307 (line 310)
  0x041aa374: e6fe e946 | f9ff ff8b 

  0x041aa37c: ;   {runtime_call fast_new_instance Runtime1 stub}
  0x041aa37c: d2e8 8e92 

  0x041aa380: ; ImmutableOopMap {[400]=Oop [124]=Oop [88]=Oop [92]=Oop [96]=Oop [404]=Oop [160]=Oop }
              ;*new {reexecute=0 rethrow=0 return_oop=0}
              ; - jdk.internal.reflect.ClassFileAssembler::cpi@7 (line 95)
              ; - jdk.internal.reflect.MethodAccessorGenerator::generate@297 (line 309)
  0x041aa380: e6fe e99e | f9ff ff8b 

  0x041aa388: ;   {runtime_call fast_new_instance Runtime1 stub}
  0x041aa388: d2e8 8292 

  0x041aa38c: ; ImmutableOopMap {[428]=Oop [404]=Oop [96]=Oop [92]=Oop [88]=Oop [124]=Oop [400]=Oop }
              ;*new {reexecute=0 rethrow=0 return_oop=0}
              ; - jdk.internal.reflect.ClassFileAssembler::cpi@7 (line 95)
              ; - jdk.internal.reflect.MethodAccessorGenerator::generate@262 (line 305)
  0x041aa38c: e6fe e9f6 | f9ff ff8b 

  0x041aa394: ;   {runtime_call fast_new_instance Runtime1 stub}
  0x041aa394: d2e8 7692 

  0x041aa398: ; ImmutableOopMap {[428]=Oop [400]=Oop [124]=Oop [88]=Oop [92]=Oop [96]=Oop [404]=Oop [148]=Oop }
              ;*new {reexecute=0 rethrow=0 return_oop=0}
              ; - jdk.internal.reflect.ClassFileAssembler::cpi@7 (line 95)
              ; - jdk.internal.reflect.MethodAccessorGenerator::generate@251 (line 304)
  0x041aa398: e6fe e94e | faff ff8b 

  0x041aa3a0: ;   {runtime_call fast_new_instance Runtime1 stub}
  0x041aa3a0: d2e8 6a92 

  0x041aa3a4: ; ImmutableOopMap {[404]=Oop [96]=Oop [92]=Oop [88]=Oop [124]=Oop [400]=Oop [428]=Oop }
              ;*new {reexecute=0 rethrow=0 return_oop=0}
              ; - jdk.internal.reflect.ClassFileAssembler::cpi@7 (line 95)
              ; - jdk.internal.reflect.MethodAccessorGenerator::generate@225 (line 302)
  0x041aa3a4: e6fe e9a6 | faff ff8b 

  0x041aa3ac: ;   {runtime_call fast_new_instance Runtime1 stub}
  0x041aa3ac: d2e8 5e92 

  0x041aa3b0: ; ImmutableOopMap {[428]=Oop [400]=Oop [124]=Oop [88]=Oop [92]=Oop [96]=Oop [404]=Oop [136]=Oop }
              ;*new {reexecute=0 rethrow=0 return_oop=0}
              ; - jdk.internal.reflect.ClassFileAssembler::cpi@7 (line 95)
              ; - jdk.internal.reflect.MethodAccessorGenerator::generate@214 (line 301)
  0x041aa3b0: e6fe e9fe | faff ff8b 

  0x041aa3b8: ;   {runtime_call fast_new_instance Runtime1 stub}
  0x041aa3b8: d2e8 5292 

  0x041aa3bc: ; ImmutableOopMap {[404]=Oop [96]=Oop [92]=Oop [88]=Oop [124]=Oop [400]=Oop [428]=Oop }
              ;*new {reexecute=0 rethrow=0 return_oop=0}
              ; - jdk.internal.reflect.ClassFileAssembler::cpi@7 (line 95)
              ; - jdk.internal.reflect.MethodAccessorGenerator::generate@157 (line 290)
  0x041aa3bc: e6fe e956 | fbff ff8b 

  0x041aa3c4: ;   {runtime_call fast_new_instance Runtime1 stub}
  0x041aa3c4: d2e8 4692 

  0x041aa3c8: ; ImmutableOopMap {[128]=Oop [404]=Oop [88]=Oop [92]=Oop [124]=Oop [428]=Oop [96]=Oop [400]=Oop }
              ;*new {reexecute=0 rethrow=0 return_oop=0}
              ; - jdk.internal.reflect.ClassFileAssembler::cpi@7 (line 95)
              ; - jdk.internal.reflect.MethodAccessorGenerator::generate@146 (line 289)
  0x041aa3c8: e6fe e9ae | fbff ff90 | 9064 8b34 | 2500 0000 | 008b 76f4 | 8b86 8002 | 0000 c786 | 8002 0000 
  0x041aa3e8: 0000 0000 | c786 8402 | 0000 0000 | 0000 81c4 | 8801 0000 

  0x041aa3fc: ;   {runtime_call unwind_exception Runtime1 stub}
  0x041aa3fc: 5de9 0e9c | e6fe f4f4 | f4f4 f4f4 | f4f4 f4f4 | f4f4 f4f4 
[Stub Code]
  0x041aa410: ;   {no_reloc}
  0x041aa410: 6690 bb00 

  0x041aa414: ;   {runtime_call}
  0x041aa414: 0000 00e9 | fbff ffff 

  0x041aa41c: ;   {static_stub}
  0x041aa41c: 6690 bb00 

  0x041aa420: ;   {runtime_call}
  0x041aa420: 0000 00e9 | fbff ffff 

  0x041aa428: ;   {static_stub}
  0x041aa428: 6690 bb00 

  0x041aa42c: ;   {runtime_call}
  0x041aa42c: 0000 00e9 | fbff ffff 

  0x041aa434: ;   {static_stub}
  0x041aa434: 6690 bb00 

  0x041aa438: ;   {runtime_call}
  0x041aa438: 0000 00e9 | fbff ffff 

  0x041aa440: ;   {static_stub}
  0x041aa440: 6690 bb00 

  0x041aa444: ;   {runtime_call}
  0x041aa444: 0000 00e9 | fbff ffff 

  0x041aa44c: ;   {static_stub}
  0x041aa44c: 6690 bb00 

  0x041aa450: ;   {runtime_call}
  0x041aa450: 0000 00e9 | fbff ffff 

  0x041aa458: ;   {static_stub}
  0x041aa458: 6690 bb00 

  0x041aa45c: ;   {runtime_call}
  0x041aa45c: 0000 00e9 | fbff ffff 

  0x041aa464: ;   {static_stub}
  0x041aa464: 6690 bb00 

  0x041aa468: ;   {runtime_call}
  0x041aa468: 0000 00e9 | fbff ffff 

  0x041aa470: ;   {static_stub}
  0x041aa470: 6690 bb00 

  0x041aa474: ;   {runtime_call}
  0x041aa474: 0000 00e9 | fbff ffff 

  0x041aa47c: ;   {static_stub}
  0x041aa47c: 6690 bb00 

  0x041aa480: ;   {runtime_call}
  0x041aa480: 0000 00e9 | fbff ffff 

  0x041aa488: ;   {static_stub}
  0x041aa488: 6690 bb00 

  0x041aa48c: ;   {runtime_call}
  0x041aa48c: 0000 00e9 | fbff ffff 

  0x041aa494: ;   {static_stub}
  0x041aa494: 6690 bb00 

  0x041aa498: ;   {runtime_call}
  0x041aa498: 0000 00e9 | fbff ffff 

  0x041aa4a0: ;   {static_stub}
  0x041aa4a0: 6690 bb00 

  0x041aa4a4: ;   {runtime_call}
  0x041aa4a4: 0000 00e9 | fbff ffff 

  0x041aa4ac: ;   {static_stub}
  0x041aa4ac: 6690 bb00 

  0x041aa4b0: ;   {runtime_call}
  0x041aa4b0: 0000 00e9 | fbff ffff 

  0x041aa4b8: ;   {static_stub}
  0x041aa4b8: 6690 bb00 

  0x041aa4bc: ;   {runtime_call}
  0x041aa4bc: 0000 00e9 | fbff ffff 

  0x041aa4c4: ;   {static_stub}
  0x041aa4c4: 6690 bb00 

  0x041aa4c8: ;   {runtime_call}
  0x041aa4c8: 0000 00e9 | fbff ffff 

  0x041aa4d0: ;   {static_stub}
  0x041aa4d0: 6690 bb00 

  0x041aa4d4: ;   {runtime_call}
  0x041aa4d4: 0000 00e9 | fbff ffff 

  0x041aa4dc: ;   {static_stub}
  0x041aa4dc: 6690 bb00 

  0x041aa4e0: ;   {runtime_call}
  0x041aa4e0: 0000 00e9 | fbff ffff 

  0x041aa4e8: ;   {static_stub}
  0x041aa4e8: 6690 bb00 

  0x041aa4ec: ;   {runtime_call}
  0x041aa4ec: 0000 00e9 | fbff ffff 

  0x041aa4f4: ;   {static_stub}
  0x041aa4f4: 6690 bb00 

  0x041aa4f8: ;   {runtime_call}
  0x041aa4f8: 0000 00e9 | fbff ffff 

  0x041aa500: ;   {static_stub}
  0x041aa500: 6690 bb00 

  0x041aa504: ;   {runtime_call}
  0x041aa504: 0000 00e9 | fbff ffff 

  0x041aa50c: ;   {static_stub}
  0x041aa50c: 6690 bb00 

  0x041aa510: ;   {runtime_call}
  0x041aa510: 0000 00e9 | fbff ffff 

  0x041aa518: ;   {static_stub}
  0x041aa518: 6690 bb00 

  0x041aa51c: ;   {runtime_call}
  0x041aa51c: 0000 00e9 | fbff ffff 

  0x041aa524: ;   {static_stub}
  0x041aa524: 6690 bb00 

  0x041aa528: ;   {runtime_call}
  0x041aa528: 0000 00e9 | fbff ffff 

  0x041aa530: ;   {static_stub}
  0x041aa530: 6690 bb00 

  0x041aa534: ;   {runtime_call}
  0x041aa534: 0000 00e9 | fbff ffff 

  0x041aa53c: ;   {static_stub}
  0x041aa53c: 6690 bb00 

  0x041aa540: ;   {runtime_call}
  0x041aa540: 0000 00e9 | fbff ffff 

  0x041aa548: ;   {static_stub}
  0x041aa548: 6690 bb00 

  0x041aa54c: ;   {runtime_call}
  0x041aa54c: 0000 00e9 | fbff ffff 

  0x041aa554: ;   {static_stub}
  0x041aa554: 6690 bb00 

  0x041aa558: ;   {runtime_call}
  0x041aa558: 0000 00e9 | fbff ffff 

  0x041aa560: ;   {static_stub}
  0x041aa560: 6690 bb00 

  0x041aa564: ;   {runtime_call}
  0x041aa564: 0000 00e9 | fbff ffff 

  0x041aa56c: ;   {static_stub}
  0x041aa56c: 6690 bb00 

  0x041aa570: ;   {runtime_call}
  0x041aa570: 0000 00e9 | fbff ffff 

  0x041aa578: ;   {static_stub}
  0x041aa578: 6690 bb00 

  0x041aa57c: ;   {runtime_call}
  0x041aa57c: 0000 00e9 | fbff ffff 

  0x041aa584: ;   {static_stub}
  0x041aa584: 6690 bb40 

  0x041aa588: ;   {runtime_call I2C/C2I adapters}
  0x041aa588: 937e 65e9 | 46b2 e4fe 

  0x041aa590: ;   {static_stub}
  0x041aa590: 6690 bb00 

  0x041aa594: ;   {runtime_call}
  0x041aa594: 0000 00e9 | fbff ffff 

  0x041aa59c: ;   {static_stub}
  0x041aa59c: 6690 bb00 

  0x041aa5a0: ;   {runtime_call}
  0x041aa5a0: 0000 00e9 | fbff ffff 

  0x041aa5a8: ;   {static_stub}
  0x041aa5a8: 6690 bb00 

  0x041aa5ac: ;   {runtime_call}
  0x041aa5ac: 0000 00e9 | fbff ffff 

  0x041aa5b4: ;   {static_stub}
  0x041aa5b4: 6690 bb00 

  0x041aa5b8: ;   {runtime_call}
  0x041aa5b8: 0000 00e9 | fbff ffff 

  0x041aa5c0: ;   {static_stub}
  0x041aa5c0: 6690 bb00 

  0x041aa5c4: ;   {runtime_call}
  0x041aa5c4: 0000 00e9 | fbff ffff 

  0x041aa5cc: ;   {static_stub}
  0x041aa5cc: 6690 bb00 

  0x041aa5d0: ;   {runtime_call}
  0x041aa5d0: 0000 00e9 | fbff ffff 

  0x041aa5d8: ;   {static_stub}
  0x041aa5d8: 6690 bb00 

  0x041aa5dc: ;   {runtime_call}
  0x041aa5dc: 0000 00e9 | fbff ffff 

  0x041aa5e4: ;   {static_stub}
  0x041aa5e4: 6690 bb00 

  0x041aa5e8: ;   {runtime_call}
  0x041aa5e8: 0000 00e9 | fbff ffff 

  0x041aa5f0: ;   {static_stub}
  0x041aa5f0: 6690 bb00 

  0x041aa5f4: ;   {runtime_call}
  0x041aa5f4: 0000 00e9 | fbff ffff 

  0x041aa5fc: ;   {static_stub}
  0x041aa5fc: 6690 bb00 

  0x041aa600: ;   {runtime_call}
  0x041aa600: 0000 00e9 | fbff ffff 

  0x041aa608: ;   {static_stub}
  0x041aa608: 6690 bb00 

  0x041aa60c: ;   {runtime_call}
  0x041aa60c: 0000 00e9 | fbff ffff 

  0x041aa614: ;   {static_stub}
  0x041aa614: 6690 bb00 

  0x041aa618: ;   {runtime_call}
  0x041aa618: 0000 00e9 | fbff ffff 

  0x041aa620: ;   {static_stub}
  0x041aa620: 6690 bb00 

  0x041aa624: ;   {runtime_call}
  0x041aa624: 0000 00e9 | fbff ffff 

  0x041aa62c: ;   {static_stub}
  0x041aa62c: 6690 bb00 

  0x041aa630: ;   {runtime_call}
  0x041aa630: 0000 00e9 | fbff ffff 

  0x041aa638: ;   {static_stub}
  0x041aa638: 6690 bb00 

  0x041aa63c: ;   {runtime_call}
  0x041aa63c: 0000 00e9 | fbff ffff 

  0x041aa644: ;   {static_stub}
  0x041aa644: 6690 bb00 

  0x041aa648: ;   {runtime_call}
  0x041aa648: 0000 00e9 | fbff ffff 

  0x041aa650: ;   {static_stub}
  0x041aa650: 6690 bb00 

  0x041aa654: ;   {runtime_call}
  0x041aa654: 0000 00e9 | fbff ffff 

  0x041aa65c: ;   {static_stub}
  0x041aa65c: 6690 bb00 

  0x041aa660: ;   {runtime_call}
  0x041aa660: 0000 00e9 | fbff ffff 

  0x041aa668: ;   {static_stub}
  0x041aa668: 6690 bb00 

  0x041aa66c: ;   {runtime_call}
  0x041aa66c: 0000 00e9 | fbff ffff 

  0x041aa674: ;   {static_stub}
  0x041aa674: 6690 bb00 

  0x041aa678: ;   {runtime_call}
  0x041aa678: 0000 00e9 | fbff ffff 

  0x041aa680: ;   {static_stub}
  0x041aa680: 6690 bb00 

  0x041aa684: ;   {runtime_call}
  0x041aa684: 0000 00e9 | fbff ffff 

  0x041aa68c: ;   {static_stub}
  0x041aa68c: 6690 bb00 

  0x041aa690: ;   {runtime_call}
  0x041aa690: 0000 00e9 | fbff ffff 

  0x041aa698: ;   {static_stub}
  0x041aa698: 6690 bb00 

  0x041aa69c: ;   {runtime_call}
  0x041aa69c: 0000 00e9 | fbff ffff 

  0x041aa6a4: ;   {static_stub}
  0x041aa6a4: 6690 bb00 

  0x041aa6a8: ;   {runtime_call}
  0x041aa6a8: 0000 00e9 | fbff ffff 

  0x041aa6b0: ;   {static_stub}
  0x041aa6b0: 6690 bb00 

  0x041aa6b4: ;   {runtime_call}
  0x041aa6b4: 0000 00e9 | fbff ffff 

  0x041aa6bc: ;   {static_stub}
  0x041aa6bc: 6690 bb00 

  0x041aa6c0: ;   {runtime_call}
  0x041aa6c0: 0000 00e9 | fbff ffff 

  0x041aa6c8: ;   {static_stub}
  0x041aa6c8: 6690 bb00 

  0x041aa6cc: ;   {runtime_call}
  0x041aa6cc: 0000 00e9 | fbff ffff 

  0x041aa6d4: ;   {static_stub}
  0x041aa6d4: 6690 bb00 

  0x041aa6d8: ;   {runtime_call}
  0x041aa6d8: 0000 00e9 | fbff ffff 

  0x041aa6e0: ;   {static_stub}
  0x041aa6e0: 6690 bb00 

  0x041aa6e4: ;   {runtime_call}
  0x041aa6e4: 0000 00e9 | fbff ffff 

  0x041aa6ec: ;   {static_stub}
  0x041aa6ec: 6690 bb00 

  0x041aa6f0: ;   {runtime_call}
  0x041aa6f0: 0000 00e9 | fbff ffff 

  0x041aa6f8: ;   {static_stub}
  0x041aa6f8: 6690 bb00 

  0x041aa6fc: ;   {runtime_call}
  0x041aa6fc: 0000 00e9 | fbff ffff 

  0x041aa704: ;   {static_stub}
  0x041aa704: 6690 bb00 

  0x041aa708: ;   {runtime_call}
  0x041aa708: 0000 00e9 | fbff ffff 

  0x041aa710: ;   {static_stub}
  0x041aa710: 6690 bb00 

  0x041aa714: ;   {runtime_call}
  0x041aa714: 0000 00e9 | fbff ffff 

  0x041aa71c: ;   {static_stub}
  0x041aa71c: 6690 bb00 

  0x041aa720: ;   {runtime_call}
  0x041aa720: 0000 00e9 | fbff ffff 

  0x041aa728: ;   {static_stub}
  0x041aa728: 6690 bb00 

  0x041aa72c: ;   {runtime_call}
  0x041aa72c: 0000 00e9 | fbff ffff 

  0x041aa734: ;   {static_stub}
  0x041aa734: 6690 bb00 

  0x041aa738: ;   {runtime_call}
  0x041aa738: 0000 00e9 | fbff ffff 

  0x041aa740: ;   {static_stub}
  0x041aa740: 6690 bb00 

  0x041aa744: ;   {runtime_call}
  0x041aa744: 0000 00e9 | fbff ffff 

  0x041aa74c: ;   {static_stub}
  0x041aa74c: 6690 bb00 

  0x041aa750: ;   {runtime_call}
  0x041aa750: 0000 00e9 | fbff ffff 

  0x041aa758: ;   {static_stub}
  0x041aa758: 6690 bb00 

  0x041aa75c: ;   {runtime_call}
  0x041aa75c: 0000 00e9 | fbff ffff 

  0x041aa764: ;   {static_stub}
  0x041aa764: 6690 bb00 

  0x041aa768: ;   {runtime_call}
  0x041aa768: 0000 00e9 | fbff ffff 

  0x041aa770: ;   {static_stub}
  0x041aa770: 6690 bb00 

  0x041aa774: ;   {runtime_call}
  0x041aa774: 0000 00e9 | fbff ffff 

  0x041aa77c: ;   {static_stub}
  0x041aa77c: 6690 bb00 

  0x041aa780: ;   {runtime_call}
  0x041aa780: 0000 00e9 | fbff ffff 

  0x041aa788: ;   {static_stub}
  0x041aa788: 6690 bb00 

  0x041aa78c: ;   {runtime_call}
  0x041aa78c: 0000 00e9 | fbff ffff 

  0x041aa794: ;   {static_stub}
  0x041aa794: 6690 bb00 

  0x041aa798: ;   {runtime_call}
  0x041aa798: 0000 00e9 | fbff ffff 

  0x041aa7a0: ;   {static_stub}
  0x041aa7a0: 6690 bb00 

  0x041aa7a4: ;   {runtime_call}
  0x041aa7a4: 0000 00e9 | fbff ffff 

  0x041aa7ac: ;   {static_stub}
  0x041aa7ac: 6690 bb00 

  0x041aa7b0: ;   {runtime_call}
  0x041aa7b0: 0000 00e9 | fbff ffff 

  0x041aa7b8: ;   {static_stub}
  0x041aa7b8: 6690 bb00 

  0x041aa7bc: ;   {runtime_call}
  0x041aa7bc: 0000 00e9 | fbff ffff 

  0x041aa7c4: ;   {static_stub}
  0x041aa7c4: 6690 bb00 

  0x041aa7c8: ;   {runtime_call}
  0x041aa7c8: 0000 00e9 | fbff ffff 

  0x041aa7d0: ;   {static_stub}
  0x041aa7d0: 6690 bb00 

  0x041aa7d4: ;   {runtime_call}
  0x041aa7d4: 0000 00e9 | fbff ffff 

  0x041aa7dc: ;   {static_stub}
  0x041aa7dc: 6690 bb00 

  0x041aa7e0: ;   {runtime_call}
  0x041aa7e0: 0000 00e9 | fbff ffff 

  0x041aa7e8: ;   {static_stub}
  0x041aa7e8: 6690 bb00 

  0x041aa7ec: ;   {runtime_call}
  0x041aa7ec: 0000 00e9 | fbff ffff 

  0x041aa7f4: ;   {static_stub}
  0x041aa7f4: 6690 bb00 

  0x041aa7f8: ;   {runtime_call}
  0x041aa7f8: 0000 00e9 | fbff ffff 

  0x041aa800: ;   {static_stub}
  0x041aa800: 6690 bba8 

  0x041aa804: ;   {runtime_call I2C/C2I adapters}
  0x041aa804: b97e 65e9 | caaf e4fe 

  0x041aa80c: ;   {static_stub}
  0x041aa80c: 6690 bb00 

  0x041aa810: ;   {runtime_call}
  0x041aa810: 0000 00e9 | fbff ffff 

  0x041aa818: ;   {static_stub}
  0x041aa818: 6690 bb00 

  0x041aa81c: ;   {runtime_call}
  0x041aa81c: 0000 00e9 | fbff ffff 

  0x041aa824: ;   {static_stub}
  0x041aa824: 6690 bb00 

  0x041aa828: ;   {runtime_call}
  0x041aa828: 0000 00e9 | fbff ffff 

  0x041aa830: ;   {static_stub}
  0x041aa830: 6690 bb70 

  0x041aa834: ;   {runtime_call I2C/C2I adapters}
  0x041aa834: e47e 65e9 | 9aaf e4fe 

  0x041aa83c: ;   {static_stub}
  0x041aa83c: 6690 bb00 

  0x041aa840: ;   {runtime_call}
  0x041aa840: 0000 00e9 | fbff ffff 

  0x041aa848: ;   {static_stub}
  0x041aa848: 6690 bb00 

  0x041aa84c: ;   {runtime_call}
  0x041aa84c: 0000 00e9 | fbff ffff 

  0x041aa854: ;   {static_stub}
  0x041aa854: 6690 bb00 

  0x041aa858: ;   {runtime_call}
  0x041aa858: 0000 00e9 | fbff ffff 

  0x041aa860: ;   {static_stub}
  0x041aa860: 6690 bb00 

  0x041aa864: ;   {runtime_call}
  0x041aa864: 0000 00e9 | fbff ffff 

  0x041aa86c: ;   {static_stub}
  0x041aa86c: 6690 bb00 

  0x041aa870: ;   {runtime_call}
  0x041aa870: 0000 00e9 | fbff ffff 

  0x041aa878: ;   {static_stub}
  0x041aa878: 6690 bb00 

  0x041aa87c: ;   {runtime_call}
  0x041aa87c: 0000 00e9 | fbff ffff 

  0x041aa884: ;   {static_stub}
  0x041aa884: 6690 bb00 

  0x041aa888: ;   {runtime_call}
  0x041aa888: 0000 00e9 | fbff ffff 

  0x041aa890: ;   {static_stub}
  0x041aa890: 6690 bb00 

  0x041aa894: ;   {runtime_call}
  0x041aa894: 0000 00e9 | fbff ffff 

  0x041aa89c: ;   {static_stub}
  0x041aa89c: 6690 bb00 

  0x041aa8a0: ;   {runtime_call}
  0x041aa8a0: 0000 00e9 | fbff ffff 

  0x041aa8a8: ;   {static_stub}
  0x041aa8a8: 6690 bb00 

  0x041aa8ac: ;   {runtime_call}
  0x041aa8ac: 0000 00e9 | fbff ffff 

  0x041aa8b4: ;   {static_stub}
  0x041aa8b4: 6690 bb00 

  0x041aa8b8: ;   {runtime_call}
  0x041aa8b8: 0000 00e9 | fbff ffff 

  0x041aa8c0: ;   {static_stub}
  0x041aa8c0: 6690 bb00 

  0x041aa8c4: ;   {runtime_call}
  0x041aa8c4: 0000 00e9 | fbff ffff 

  0x041aa8cc: ;   {static_stub}
  0x041aa8cc: 6690 bb00 

  0x041aa8d0: ;   {runtime_call}
  0x041aa8d0: 0000 00e9 | fbff ffff 

  0x041aa8d8: ;   {static_stub}
  0x041aa8d8: 6690 bb00 

  0x041aa8dc: ;   {runtime_call}
  0x041aa8dc: 0000 00e9 | fbff ffff 

  0x041aa8e4: ;   {static_stub}
  0x041aa8e4: 6690 bb00 

  0x041aa8e8: ;   {runtime_call}
  0x041aa8e8: 0000 00e9 | fbff ffff 

  0x041aa8f0: ;   {static_stub}
  0x041aa8f0: 6690 bb00 

  0x041aa8f4: ;   {runtime_call}
  0x041aa8f4: 0000 00e9 | fbff ffff 

  0x041aa8fc: ;   {static_stub}
  0x041aa8fc: 6690 bb00 

  0x041aa900: ;   {runtime_call}
  0x041aa900: 0000 00e9 | fbff ffff 

  0x041aa908: ;   {static_stub}
  0x041aa908: 6690 bb00 

  0x041aa90c: ;   {runtime_call}
  0x041aa90c: 0000 00e9 | fbff ffff 

  0x041aa914: ;   {static_stub}
  0x041aa914: 6690 bb00 

  0x041aa918: ;   {runtime_call}
  0x041aa918: 0000 00e9 | fbff ffff 

  0x041aa920: ;   {static_stub}
  0x041aa920: 6690 bb00 

  0x041aa924: ;   {runtime_call}
  0x041aa924: 0000 00e9 | fbff ffff 

  0x041aa92c: ;   {static_stub}
  0x041aa92c: 6690 bb00 

  0x041aa930: ;   {runtime_call}
  0x041aa930: 0000 00e9 | fbff ffff 

  0x041aa938: ;   {static_stub}
  0x041aa938: 6690 bb00 

  0x041aa93c: ;   {runtime_call}
  0x041aa93c: 0000 00e9 | fbff ffff 

  0x041aa944: ;   {static_stub}
  0x041aa944: 6690 bb00 

  0x041aa948: ;   {runtime_call}
  0x041aa948: 0000 00e9 | fbff ffff 

  0x041aa950: ;   {static_stub}
  0x041aa950: 6690 bb00 

  0x041aa954: ;   {runtime_call}
  0x041aa954: 0000 00e9 | fbff ffff 
[Exception Handler]
  0x041aa95c: ;   {runtime_call handle_exception_from_callee Runtime1 stub}
  0x041aa95c: e8af 83e6 

  0x041aa960: ;   {external_word}
  0x041aa960: fe68 98d7 | a86b e800 | 0000 0060 

  0x041aa96c: ;   {runtime_call}
  0x041aa96c: e8df f073 

  0x041aa970: ;   {section_word}
  0x041aa970: 67f4 6872 

  0x041aa974: ;   {runtime_call DeoptimizationBlob}
  0x041aa974: a91a 04e9 | c4a8 e8fe 
[/MachCode]


---------------  P R O C E S S  ---------------

Threads class SMR info:
_java_thread_list=0x68352e10, length=49, elements={
0x02f19738, 0x6601cc20, 0x6601ee18, 0x02fec488,
0x02fed028, 0x02fee238, 0x66040988, 0x66042068,
0x660438b8, 0x6612d078, 0x6612c700, 0x6612c0b0,
0x6612bd88, 0x6612ca28, 0x67b63de8, 0x67b64a88,
0x67b67390, 0x67b66a18, 0x67b64438, 0x67b65728,
0x67b65d78, 0x67b666f0, 0x683d4298, 0x683d2fa8,
0x6c7d5610, 0x6c7d5f88, 0x6c7d52e8, 0x6d1929d8,
0x6d1916e8, 0x6d192d00, 0x724416b0, 0x72441388,
0x72e56008, 0x72e56980, 0x72e55368, 0x72e56ca8,
0x72e55690, 0x72e559b8, 0x72e55ce0, 0x72e56330,
0x72e56658, 0x683d4c10, 0x683d2c80, 0x683d3c48,
0x72441d00, 0x72e825e0, 0x72e81f90, 0x72e83280,
0x72e82908
}

Java Threads: ( => current thread )
  0x02f19738 JavaThread "main" [_thread_blocked, id=15872, stack(0x00ee0000,0x00f30000)]
  0x6601cc20 JavaThread "Reference Handler" daemon [_thread_blocked, id=12788, stack(0x66200000,0x66250000)]
  0x6601ee18 JavaThread "Finalizer" daemon [_thread_blocked, id=528, stack(0x66290000,0x662e0000)]
  0x02fec488 JavaThread "Signal Dispatcher" daemon [_thread_blocked, id=2828, stack(0x66430000,0x66480000)]
  0x02fed028 JavaThread "Attach Listener" daemon [_thread_blocked, id=3456, stack(0x664c0000,0x66510000)]
  0x02fee238 JavaThread "Service Thread" daemon [_thread_blocked, id=2272, stack(0x66550000,0x665a0000)]
  0x66040988 JavaThread "Monitor Deflation Thread" daemon [_thread_blocked, id=10316, stack(0x665e0000,0x66630000)]
  0x66042068 JavaThread "C1 CompilerThread0" daemon [_thread_blocked, id=1128, stack(0x66670000,0x666c0000)]
  0x660438b8 JavaThread "Sweeper thread" daemon [_thread_blocked, id=14504, stack(0x66700000,0x66750000)]
  0x6612d078 JavaThread "Common-Cleaner" daemon [_thread_blocked, id=5056, stack(0x66790000,0x667e0000)]
  0x6612c700 JavaThread "Notification Thread" daemon [_thread_blocked, id=14848, stack(0x66820000,0x66870000)]
  0x6612c0b0 JavaThread "Daemon health stats" [_thread_blocked, id=14376, stack(0x68510000,0x68560000)]
  0x6612bd88 JavaThread "Incoming local TCP Connector on port 52219" [_thread_in_native, id=3360, stack(0x688e0000,0x68930000)]
  0x6612ca28 JavaThread "Daemon periodic checks" [_thread_blocked, id=4532, stack(0x68ad0000,0x68b20000)]
  0x67b63de8 JavaThread "Cache worker for journal cache (C:\Users\user\.gradle\caches\journal-1)" [_thread_blocked, id=5192, stack(0x68f50000,0x68fa0000)]
  0x67b64a88 JavaThread "File lock request listener" [_thread_in_native, id=15300, stack(0x68fe0000,0x69030000)]
  0x67b67390 JavaThread "Cache worker for file hash cache (C:\Users\user\.gradle\caches\8.7\fileHashes)" [_thread_blocked, id=6968, stack(0x69070000,0x690c0000)]
  0x67b66a18 JavaThread "File watcher server" daemon [_thread_in_native, id=7592, stack(0x69190000,0x691e0000)]
  0x67b64438 JavaThread "File watcher consumer" daemon [_thread_blocked, id=15140, stack(0x69220000,0x69270000)]
  0x67b65728 JavaThread "Cache worker for file content cache (C:\Users\user\.gradle\caches\8.7\fileContent)" [_thread_blocked, id=16300, stack(0x69460000,0x694b0000)]
  0x67b65d78 JavaThread "jar transforms" [_thread_blocked, id=16340, stack(0x694f0000,0x69540000)]
  0x67b666f0 JavaThread "jar transforms Thread 2" [_thread_blocked, id=3064, stack(0x69580000,0x695d0000)]
  0x683d4298 JavaThread "jar transforms Thread 3" [_thread_blocked, id=11320, stack(0x696a0000,0x696f0000)]
  0x683d2fa8 JavaThread "jar transforms Thread 4" [_thread_blocked, id=15192, stack(0x69f10000,0x69f60000)]
  0x6c7d5610 JavaThread "jar transforms Thread 5" [_thread_blocked, id=6308, stack(0x69fa0000,0x69ff0000)]
  0x6c7d5f88 JavaThread "jar transforms Thread 6" [_thread_blocked, id=13156, stack(0x6b040000,0x6b090000)]
  0x6c7d52e8 JavaThread "Memory manager" [_thread_blocked, id=15664, stack(0x6b0d0000,0x6b120000)]
  0x6d1929d8 JavaThread "Cache worker for Java compile cache (C:\Users\user\.gradle\caches\8.7\javaCompile)" [_thread_blocked, id=12816, stack(0x70050000,0x700a0000)]
  0x6d1916e8 JavaThread "jar transforms Thread 7" [_thread_blocked, id=17228, stack(0x69970000,0x699c0000)]
  0x6d192d00 JavaThread "jar transforms Thread 8" [_thread_blocked, id=16988, stack(0x69a00000,0x69a50000)]
  0x724416b0 JavaThread "Daemon Thread 8" [_thread_blocked, id=5092, stack(0x00cb0000,0x00d00000)]
  0x72441388 JavaThread "Handler for socket connection from /127.0.0.1:52219 to /127.0.0.1:16567" [_thread_in_native, id=12892, stack(0x00d40000,0x00d90000)]
  0x72e56008 JavaThread "Cancel handler" [_thread_blocked, id=16008, stack(0x00dd0000,0x00e20000)]
=>0x72e56980 JavaThread "Daemon worker Thread 8" [_thread_in_vm, id=13260, stack(0x68b60000,0x68bb0000)]
  0x72e55368 JavaThread "Asynchronous log dispatcher for DefaultDaemonConnection: socket connection from /127.0.0.1:52219 to /127.0.0.1:16567" [_thread_blocked, id=13000, stack(0x68bf0000,0x68c40000)]
  0x72e56ca8 JavaThread "Stdin handler" [_thread_blocked, id=3860, stack(0x68c80000,0x68cd0000)]
  0x72e55690 JavaThread "Daemon client event forwarder" [_thread_blocked, id=9728, stack(0x68d10000,0x68d60000)]
  0x72e559b8 JavaThread "Cache worker for file hash cache (E:\proyek\c++\th06-android\th06\android\.gradle\8.7\fileHashes)" [_thread_blocked, id=16796, stack(0x68da0000,0x68df0000)]
  0x72e55ce0 JavaThread "Cache worker for checksums cache (E:\proyek\c++\th06-android\th06\android\.gradle\8.7\checksums)" [_thread_blocked, id=11244, stack(0x68e30000,0x68e80000)]
  0x72e56330 JavaThread "Cache worker for cache directory md-supplier (C:\Users\user\.gradle\caches\8.7\md-supplier)" [_thread_blocked, id=10732, stack(0x68ec0000,0x68f10000)]
  0x72e56658 JavaThread "Cache worker for cache directory md-rule (C:\Users\user\.gradle\caches\8.7\md-rule)" [_thread_blocked, id=11224, stack(0x69100000,0x69150000)]
  0x683d4c10 JavaThread "Cache worker for Build Output Cleanup Cache (E:\proyek\c++\th06-android\th06\android\.gradle\buildOutputCleanup)" [_thread_blocked, id=16784, stack(0x692b0000,0x69300000)]
  0x683d2c80 JavaThread "Unconstrained build operations" [_thread_blocked, id=14996, stack(0x69340000,0x69390000)]
  0x683d3c48 JavaThread "Unconstrained build operations Thread 2" [_thread_blocked, id=15420, stack(0x693d0000,0x69420000)]
  0x72441d00 JavaThread "Unconstrained build operations Thread 3" [_thread_blocked, id=7688, stack(0x69610000,0x69660000)]
  0x72e825e0 JavaThread "Unconstrained build operations Thread 4" [_thread_blocked, id=17144, stack(0x69730000,0x69780000)]
  0x72e81f90 JavaThread "Unconstrained build operations Thread 5" [_thread_blocked, id=14372, stack(0x697c0000,0x69810000)]
  0x72e83280 JavaThread "Unconstrained build operations Thread 6" [_thread_blocked, id=9748, stack(0x69850000,0x698a0000)]
  0x72e82908 JavaThread "Unconstrained build operations Thread 7" [_thread_blocked, id=15436, stack(0x698e0000,0x69930000)]

Other Threads:
  0x66013360 VMThread "VM Thread" [stack: 0x02e40000,0x02e90000] [id=544]
  0x661f06d8 WatcherThread [stack: 0x668b0000,0x66900000] [id=15556]

Threads with active compile tasks:

VM state: not at safepoint (normal execution)

VM Mutex/Monitor currently owned by a thread:  ([mutex/lock_event])
[0x00a25148] Metaspace_lock - owner thread: 0x72e56980

GC Precious Log:
 CPUs: 8 total, 8 available
 Memory: 16058M
 Large Page Support: Disabled
 NUMA Support: Disabled
 Compressed Oops: Disabled
 Heap Min Capacity: 6M
 Heap Initial Capacity: 16M
 Heap Max Capacity: 1536M
 Pre-touch: Disabled

Heap:
 def new generation   total 146048K, used 106553K [0x05000000, 0x0ee70000, 0x25000000)
  eden space 129856K,  69% used [0x05000000, 0x0a83e760, 0x0ced0000)
  from space 16192K, 100% used [0x0dea0000, 0x0ee70000, 0x0ee70000)
  to   space 16192K,   0% used [0x0ced0000, 0x0ced0000, 0x0dea0000)
 tenured generation   total 323240K, used 316630K [0x25000000, 0x38baa000, 0x65000000)
   the space 323240K,  97% used [0x25000000, 0x38535ac0, 0x38535c00, 0x38baa000)
 Metaspace       used 97101K, committed 98112K, reserved 98304K

Card table byte_map: [0x028e0000,0x02bf0000] _byte_map_base: 0x028b8000

Polling page: 0x00e60000

Metaspace:

Usage:
   94.83 MB used.

Virtual space:
     96.00 MB reserved,      95.81 MB (>99%) committed,  6 nodes.

Chunk freelists:
0 bytes

MaxMetaspaceSize: unlimited
No class space
Initial GC threshold: 16.00 MB
Current GC threshold: 158.06 MB
CDS: off
MetaspaceReclaimPolicy: balanced
 - commit_granule_bytes: 65536.
 - commit_granule_words: 16384.
 - virtual_space_node_default_size: 4194304.
 - enlarge_chunks_in_place: 1.
 - new_chunks_are_fully_committed: 0.
 - uncommit_free_chunks: 1.
 - use_allocation_guard: 0.
 - handle_deallocations: 1.


Internal statistics:

num_allocs_failed_limit: 6.
num_arena_births: 1990.
num_arena_deaths: 471.
num_vsnodes_births: 6.
num_vsnodes_deaths: 0.
num_space_committed: 1533.
num_space_uncommitted: 0.
num_chunks_returned_to_freelist: 535.
num_chunks_taken_from_freelist: 5512.
num_chunk_merges: 171.
num_chunk_splits: 3634.
num_chunks_enlarged: 2557.
num_inconsistent_stats: 0.

CodeCache: size=32768Kb used=24491Kb max_used=30286Kb free=8276Kb
 bounds [0x02ff0000, 0x04da8000, 0x04ff0000]
 total_blobs=17357 nmethods=16831 adapters=457
 compilation: enabled
              stopped_count=0, restarted_count=0
 full_count=0

Compilation events (20 events):
Event: 6021.980 Thread 0x66042068 nmethod 56070 0x03fb6a48 code [0x03fb6b60, 0x03fb6c30]
Event: 6021.980 Thread 0x66042068 56069             com.android.build.api.component.impl.ComponentImpl::getGlobal (5 bytes)
Event: 6021.980 Thread 0x66042068 nmethod 56069 0x03fb6808 code [0x03fb6920, 0x03fb69f0]
Event: 6021.980 Thread 0x66042068 56059             org.gradle.api.internal.artifacts.ivyservice.resolveengine.graph.builder.NodeState::dependencies (94 bytes)
Event: 6021.981 Thread 0x66042068 nmethod 56059 0x03fb6288 code [0x03fb63f0, 0x03fb668c]
Event: 6021.981 Thread 0x66042068 56058             org.gradle.api.internal.artifacts.ivyservice.resolveengine.graph.builder.ModuleResolveState::<init> (123 bytes)
Event: 6021.981 Thread 0x66042068 nmethod 56058 0x0406cb88 code [0x0406cce0, 0x0406d168]
Event: 6021.981 Thread 0x66042068 56071             org.gradle.api.internal.tasks.DefaultTaskDependency$TaskDependencySet::size (10 bytes)
Event: 6021.981 Thread 0x66042068 nmethod 56071 0x0406c908 code [0x0406ca30, 0x0406cb1c]
Event: 6021.981 Thread 0x66042068 56074             org.gradle.api.internal.project.DefaultProject::getTaskDependencyFactory (30 bytes)
Event: 6021.981 Thread 0x66042068 nmethod 56074 0x044f2848 code [0x044f29a0, 0x044f2c14]
Event: 6021.981 Thread 0x66042068 56072             org.gradle.api.internal.file.CompositeFileCollection$$Lambda$1257/0x780c1100::accept (14 bytes)
Event: 6021.982 Thread 0x66042068 nmethod 56072 0x044f2548 code [0x044f2670, 0x044f279c]
Event: 6021.982 Thread 0x66042068 56073             org.gradle.execution.plan.NodeSets::newSortedNodeSet (11 bytes)
Event: 6021.982 Thread 0x66042068 nmethod 56073 0x044f2208 code [0x044f2320, 0x044f24a0]
Event: 6021.982 Thread 0x66042068 56079             org.gradle.execution.plan.TaskDependencyResolver::resolveDependenciesFor (10 bytes)
Event: 6021.982 Thread 0x66042068 nmethod 56079 0x04a231c8 code [0x04a232f0, 0x04a233dc]
Event: 6021.982 Thread 0x66042068 56076             org.gradle.api.DefaultTask::getProject (5 bytes)
Event: 6021.982 Thread 0x66042068 nmethod 56076 0x04a22c88 code [0x04a22dd0, 0x04a22fc8]
Event: 6021.982 Thread 0x66042068 56081             org.gradle.api.internal.tasks.DefaultTaskDependency::visitDependencies (737 bytes)

GC Heap History (20 events):
Event: 5591.202 GC heap before
{Heap before GC invocations=219 (full 12):
 def new generation   total 129024K, used 126180K [0x05000000, 0x0dbf0000, 0x25000000)
  eden space 114752K,  99% used [0x05000000, 0x0bff9a60, 0x0c010000)
  from space 14272K,  80% used [0x0ce00000, 0x0d93f770, 0x0dbf0000)
  to   space 14272K,   0% used [0x0c010000, 0x0c010000, 0x0ce00000)
 tenured generation   total 285528K, used 194135K [0x25000000, 0x366d6000, 0x65000000)
   the space 285528K,  67% used [0x25000000, 0x30d95c58, 0x30d95e00, 0x366d6000)
 Metaspace       used 95301K, committed 96064K, reserved 98304K
}
Event: 5591.253 GC heap after
{Heap after GC invocations=220 (full 12):
 def new generation   total 129024K, used 14272K [0x05000000, 0x0dbf0000, 0x25000000)
  eden space 114752K,   0% used [0x05000000, 0x05000000, 0x0c010000)
  from space 14272K, 100% used [0x0c010000, 0x0ce00000, 0x0ce00000)
  to   space 14272K,   0% used [0x0ce00000, 0x0ce00000, 0x0dbf0000)
 tenured generation   total 285528K, used 207851K [0x25000000, 0x366d6000, 0x65000000)
   the space 285528K,  72% used [0x25000000, 0x31afac90, 0x31afae00, 0x366d6000)
 Metaspace       used 95301K, committed 96064K, reserved 98304K
}
Event: 5591.812 GC heap before
{Heap before GC invocations=220 (full 12):
 def new generation   total 129024K, used 129024K [0x05000000, 0x0dbf0000, 0x25000000)
  eden space 114752K, 100% used [0x05000000, 0x0c010000, 0x0c010000)
  from space 14272K, 100% used [0x0c010000, 0x0ce00000, 0x0ce00000)
  to   space 14272K,   0% used [0x0ce00000, 0x0ce00000, 0x0dbf0000)
 tenured generation   total 285528K, used 207851K [0x25000000, 0x366d6000, 0x65000000)
   the space 285528K,  72% used [0x25000000, 0x31afac90, 0x31afae00, 0x366d6000)
 Metaspace       used 96316K, committed 97088K, reserved 98304K
}
Event: 5592.002 GC heap after
{Heap after GC invocations=221 (full 12):
 def new generation   total 129024K, used 14272K [0x05000000, 0x0dbf0000, 0x25000000)
  eden space 114752K,   0% used [0x05000000, 0x05000000, 0x0c010000)
  from space 14272K, 100% used [0x0ce00000, 0x0dbf0000, 0x0dbf0000)
  to   space 14272K,   0% used [0x0c010000, 0x0c010000, 0x0ce00000)
 tenured generation   total 285528K, used 249848K [0x25000000, 0x366d6000, 0x65000000)
   the space 285528K,  87% used [0x25000000, 0x343fe268, 0x343fe400, 0x366d6000)
 Metaspace       used 96316K, committed 97088K, reserved 98304K
}
Event: 5592.873 GC heap before
{Heap before GC invocations=221 (full 12):
 def new generation   total 129024K, used 129024K [0x05000000, 0x0dbf0000, 0x25000000)
  eden space 114752K, 100% used [0x05000000, 0x0c010000, 0x0c010000)
  from space 14272K, 100% used [0x0ce00000, 0x0dbf0000, 0x0dbf0000)
  to   space 14272K,   0% used [0x0c010000, 0x0c010000, 0x0ce00000)
 tenured generation   total 285528K, used 249848K [0x25000000, 0x366d6000, 0x65000000)
   the space 285528K,  87% used [0x25000000, 0x343fe268, 0x343fe400, 0x366d6000)
 Metaspace       used 96319K, committed 97088K, reserved 98304K
}
Event: 5593.070 GC heap after
{Heap after GC invocations=222 (full 12):
 def new generation   total 129024K, used 14271K [0x05000000, 0x0dbf0000, 0x25000000)
  eden space 114752K,   0% used [0x05000000, 0x05000000, 0x0c010000)
  from space 14272K,  99% used [0x0c010000, 0x0cdffff8, 0x0ce00000)
  to   space 14272K,   0% used [0x0ce00000, 0x0ce00000, 0x0dbf0000)
 tenured generation   total 285528K, used 272135K [0x25000000, 0x366d6000, 0x65000000)
   the space 285528K,  95% used [0x25000000, 0x359c1f28, 0x359c2000, 0x366d6000)
 Metaspace       used 96319K, committed 97088K, reserved 98304K
}
Event: 5594.018 GC heap before
{Heap before GC invocations=222 (full 12):
 def new generation   total 129024K, used 129023K [0x05000000, 0x0dbf0000, 0x25000000)
  eden space 114752K, 100% used [0x05000000, 0x0c010000, 0x0c010000)
  from space 14272K,  99% used [0x0c010000, 0x0cdffff8, 0x0ce00000)
  to   space 14272K,   0% used [0x0ce00000, 0x0ce00000, 0x0dbf0000)
 tenured generation   total 285528K, used 272135K [0x25000000, 0x366d6000, 0x65000000)
   the space 285528K,  95% used [0x25000000, 0x359c1f28, 0x359c2000, 0x366d6000)
 Metaspace       used 96351K, committed 97088K, reserved 98304K
}
Event: 5594.093 GC heap after
{Heap after GC invocations=223 (full 12):
 def new generation   total 129024K, used 14272K [0x05000000, 0x0dbf0000, 0x25000000)
  eden space 114752K,   0% used [0x05000000, 0x05000000, 0x0c010000)
  from space 14272K, 100% used [0x0ce00000, 0x0dbf0000, 0x0dbf0000)
  to   space 14272K,   0% used [0x0c010000, 0x0c010000, 0x0ce00000)
 tenured generation   total 291960K, used 291868K [0x25000000, 0x36d1e000, 0x65000000)
   the space 291960K,  99% used [0x25000000, 0x36d07298, 0x36d07400, 0x36d1e000)
 Metaspace       used 96351K, committed 97088K, reserved 98304K
}
Event: 5594.093 GC heap before
{Heap before GC invocations=223 (full 12):
 def new generation   total 129024K, used 14272K [0x05000000, 0x0dbf0000, 0x25000000)
  eden space 114752K,   0% used [0x05000000, 0x05000000, 0x0c010000)
  from space 14272K, 100% used [0x0ce00000, 0x0dbf0000, 0x0dbf0000)
  to   space 14272K,   0% used [0x0c010000, 0x0c010000, 0x0ce00000)
 tenured generation   total 291960K, used 291868K [0x25000000, 0x36d1e000, 0x65000000)
   the space 291960K,  99% used [0x25000000, 0x36d07298, 0x36d07400, 0x36d1e000)
 Metaspace       used 96351K, committed 97088K, reserved 98304K
}
Event: 5594.543 GC heap after
{Heap after GC invocations=223 (full 13):
 def new generation   total 146048K, used 0K [0x05000000, 0x0ee70000, 0x25000000)
  eden space 129856K,   0% used [0x05000000, 0x05000000, 0x0ced0000)
  from space 16192K,   0% used [0x0ced0000, 0x0ced0000, 0x0dea0000)
  to   space 16192K,   0% used [0x0dea0000, 0x0dea0000, 0x0ee70000)
 tenured generation   total 323240K, used 193943K [0x25000000, 0x38baa000, 0x65000000)
   the space 323240K,  59% used [0x25000000, 0x30d65ea0, 0x30d66000, 0x38baa000)
 Metaspace       used 96351K, committed 97088K, reserved 98304K
}
Event: 5595.242 GC heap before
{Heap before GC invocations=223 (full 13):
 def new generation   total 146048K, used 123165K [0x05000000, 0x0ee70000, 0x25000000)
  eden space 129856K,  94% used [0x05000000, 0x0c847550, 0x0ced0000)
  from space 16192K,   0% used [0x0ced0000, 0x0ced0000, 0x0dea0000)
  to   space 16192K,   0% used [0x0dea0000, 0x0dea0000, 0x0ee70000)
 tenured generation   total 323240K, used 193943K [0x25000000, 0x38baa000, 0x65000000)
   the space 323240K,  59% used [0x25000000, 0x30d65ea0, 0x30d66000, 0x38baa000)
 Metaspace       used 96353K, committed 97088K, reserved 98304K
}
Event: 5595.265 GC heap after
{Heap after GC invocations=224 (full 13):
 def new generation   total 146048K, used 15679K [0x05000000, 0x0ee70000, 0x25000000)
  eden space 129856K,   0% used [0x05000000, 0x05000000, 0x0ced0000)
  from space 16192K,  96% used [0x0dea0000, 0x0edefd68, 0x0ee70000)
  to   space 16192K,   0% used [0x0ced0000, 0x0ced0000, 0x0dea0000)
 tenured generation   total 323240K, used 198039K [0x25000000, 0x38baa000, 0x65000000)
   the space 323240K,  61% used [0x25000000, 0x31165eb0, 0x31166000, 0x38baa000)
 Metaspace       used 96353K, committed 97088K, reserved 98304K
}
Event: 5595.649 GC heap before
{Heap before GC invocations=224 (full 13):
 def new generation   total 146048K, used 145535K [0x05000000, 0x0ee70000, 0x25000000)
  eden space 129856K, 100% used [0x05000000, 0x0ced0000, 0x0ced0000)
  from space 16192K,  96% used [0x0dea0000, 0x0edefd68, 0x0ee70000)
  to   space 16192K,   0% used [0x0ced0000, 0x0ced0000, 0x0dea0000)
 tenured generation   total 323240K, used 198039K [0x25000000, 0x38baa000, 0x65000000)
   the space 323240K,  61% used [0x25000000, 0x31165eb0, 0x31166000, 0x38baa000)
 Metaspace       used 96354K, committed 97088K, reserved 98304K
}
Event: 5595.801 GC heap after
{Heap after GC invocations=225 (full 13):
 def new generation   total 146048K, used 16191K [0x05000000, 0x0ee70000, 0x25000000)
  eden space 129856K,   0% used [0x05000000, 0x05000000, 0x0ced0000)
  from space 16192K,  99% used [0x0ced0000, 0x0de9fff8, 0x0dea0000)
  to   space 16192K,   0% used [0x0dea0000, 0x0dea0000, 0x0ee70000)
 tenured generation   total 323240K, used 250691K [0x25000000, 0x38baa000, 0x65000000)
   the space 323240K,  77% used [0x25000000, 0x344d0c00, 0x344d0c00, 0x38baa000)
 Metaspace       used 96354K, committed 97088K, reserved 98304K
}
Event: 5596.595 GC heap before
{Heap before GC invocations=225 (full 13):
 def new generation   total 146048K, used 145688K [0x05000000, 0x0ee70000, 0x25000000)
  eden space 129856K,  99% used [0x05000000, 0x0ce76268, 0x0ced0000)
  from space 16192K,  99% used [0x0ced0000, 0x0de9fff8, 0x0dea0000)
  to   space 16192K,   0% used [0x0dea0000, 0x0dea0000, 0x0ee70000)
 tenured generation   total 323240K, used 250691K [0x25000000, 0x38baa000, 0x65000000)
   the space 323240K,  77% used [0x25000000, 0x344d0c00, 0x344d0c00, 0x38baa000)
 Metaspace       used 96361K, committed 97088K, reserved 98304K
}
Event: 5596.707 GC heap after
{Heap after GC invocations=226 (full 13):
 def new generation   total 146048K, used 16191K [0x05000000, 0x0ee70000, 0x25000000)
  eden space 129856K,   0% used [0x05000000, 0x05000000, 0x0ced0000)
  from space 16192K,  99% used [0x0dea0000, 0x0ee6fff8, 0x0ee70000)
  to   space 16192K,   0% used [0x0ced0000, 0x0ced0000, 0x0dea0000)
 tenured generation   total 323240K, used 267424K [0x25000000, 0x38baa000, 0x65000000)
   the space 323240K,  82% used [0x25000000, 0x35528068, 0x35528200, 0x38baa000)
 Metaspace       used 96361K, committed 97088K, reserved 98304K
}
Event: 5597.447 GC heap before
{Heap before GC invocations=226 (full 13):
 def new generation   total 146048K, used 146047K [0x05000000, 0x0ee70000, 0x25000000)
  eden space 129856K, 100% used [0x05000000, 0x0ced0000, 0x0ced0000)
  from space 16192K,  99% used [0x0dea0000, 0x0ee6fff8, 0x0ee70000)
  to   space 16192K,   0% used [0x0ced0000, 0x0ced0000, 0x0dea0000)
 tenured generation   total 323240K, used 267424K [0x25000000, 0x38baa000, 0x65000000)
   the space 323240K,  82% used [0x25000000, 0x35528068, 0x35528200, 0x38baa000)
 Metaspace       used 96365K, committed 97088K, reserved 98304K
}
Event: 5597.506 GC heap after
{Heap after GC invocations=227 (full 13):
 def new generation   total 146048K, used 15172K [0x05000000, 0x0ee70000, 0x25000000)
  eden space 129856K,   0% used [0x05000000, 0x05000000, 0x0ced0000)
  from space 16192K,  93% used [0x0ced0000, 0x0dda10d8, 0x0dea0000)
  to   space 16192K,   0% used [0x0dea0000, 0x0dea0000, 0x0ee70000)
 tenured generation   total 323240K, used 292263K [0x25000000, 0x38baa000, 0x65000000)
   the space 323240K,  90% used [0x25000000, 0x36d69c98, 0x36d69e00, 0x38baa000)
 Metaspace       used 96365K, committed 97088K, reserved 98304K
}
Event: 5599.361 GC heap before
{Heap before GC invocations=227 (full 13):
 def new generation   total 146048K, used 145005K [0x05000000, 0x0ee70000, 0x25000000)
  eden space 129856K,  99% used [0x05000000, 0x0ceca4f8, 0x0ced0000)
  from space 16192K,  93% used [0x0ced0000, 0x0dda10d8, 0x0dea0000)
  to   space 16192K,   0% used [0x0dea0000, 0x0dea0000, 0x0ee70000)
 tenured generation   total 323240K, used 292263K [0x25000000, 0x38baa000, 0x65000000)
   the space 323240K,  90% used [0x25000000, 0x36d69c98, 0x36d69e00, 0x38baa000)
 Metaspace       used 96386K, committed 97152K, reserved 98304K
}
Event: 5599.382 GC heap after
{Heap after GC invocations=228 (full 13):
 def new generation   total 146048K, used 16192K [0x05000000, 0x0ee70000, 0x25000000)
  eden space 129856K,   0% used [0x05000000, 0x05000000, 0x0ced0000)
  from space 16192K, 100% used [0x0dea0000, 0x0ee70000, 0x0ee70000)
  to   space 16192K,   0% used [0x0ced0000, 0x0ced0000, 0x0dea0000)
 tenured generation   total 323240K, used 316630K [0x25000000, 0x38baa000, 0x65000000)
   the space 323240K,  97% used [0x25000000, 0x38535ac0, 0x38535c00, 0x38baa000)
 Metaspace       used 96386K, committed 97152K, reserved 98304K
}

Dll operation events (14 events):
Event: 0.016 Loaded shared library C:\Program Files (x86)\Zulu\zulu-17\bin\java.dll
Event: 0.124 Loaded shared library C:\Program Files (x86)\Zulu\zulu-17\bin\zip.dll
Event: 0.128 Loaded shared library C:\Program Files (x86)\Zulu\zulu-17\bin\instrument.dll
Event: 0.138 Loaded shared library C:\Program Files (x86)\Zulu\zulu-17\bin\net.dll
Event: 0.140 Loaded shared library C:\Program Files (x86)\Zulu\zulu-17\bin\nio.dll
Event: 0.147 Loaded shared library C:\Program Files (x86)\Zulu\zulu-17\bin\zip.dll
Event: 0.365 Loaded shared library C:\Program Files (x86)\Zulu\zulu-17\bin\jimage.dll
Event: 0.420 Loaded shared library C:\Program Files (x86)\Zulu\zulu-17\bin\verify.dll
Event: 0.534 Loaded shared library C:\Users\user\.gradle\native\c067742578af261105cb4f569cf0c3c89f3d7b1fecec35dd04571415982c5e48\windows-i386\native-platform.dll
Event: 0.564 Loaded shared library C:\Users\user\.gradle\native\38dada09dfb8b06ba9b0570ebf7e218e3eb74d4ef43ca46872605cf95ebc2f47\windows-i386\native-platform-file-events.dll
Event: 2.086 Loaded shared library C:\Program Files (x86)\Zulu\zulu-17\bin\management.dll
Event: 2.089 Loaded shared library C:\Program Files (x86)\Zulu\zulu-17\bin\management_ext.dll
Event: 2.289 Loaded shared library C:\Program Files (x86)\Zulu\zulu-17\bin\extnet.dll
Event: 2.826 Loaded shared library C:\Program Files (x86)\Zulu\zulu-17\bin\sunmscapi.dll

Deoptimization events (20 events):
Event: 5599.416 Thread 0x6d70a840 DEOPT PACKING pc=0x0353a048 sp=0x6bd9e170
Event: 5599.416 Thread 0x6d70a840 DEOPT UNPACKING pc=0x03035587 sp=0x6bd9e004 mode 3
Event: 5599.416 Thread 0x6d70a840 DEOPT PACKING pc=0x04866855 sp=0x6bd9e0e0
Event: 5599.416 Thread 0x6d70a840 DEOPT UNPACKING pc=0x03035587 sp=0x6bd9dff8 mode 3
Event: 5812.792 Thread 0x6612ca28 DEOPT PACKING pc=0x037ac879 sp=0x68b1ebd0
Event: 5812.792 Thread 0x6612ca28 DEOPT UNPACKING pc=0x03035587 sp=0x68b1ea90 mode 3
Event: 6021.448 Thread 0x72e56980 DEOPT PACKING pc=0x04b9928f sp=0x68badc20
Event: 6021.448 Thread 0x72e56980 DEOPT UNPACKING pc=0x03035587 sp=0x68badab4 mode 3
Event: 6021.481 Thread 0x72e56980 DEOPT PACKING pc=0x0403b732 sp=0x68bace10
Event: 6021.481 Thread 0x72e56980 DEOPT UNPACKING pc=0x03035587 sp=0x68bacca4 mode 3
Event: 6021.481 Thread 0x72e56980 DEOPT PACKING pc=0x03ba5a14 sp=0x68bace10
Event: 6021.481 Thread 0x72e56980 DEOPT UNPACKING pc=0x03035587 sp=0x68bacc9c mode 3
Event: 6021.962 Thread 0x72e56980 DEOPT PACKING pc=0x048089ca sp=0x68bac0b0
Event: 6021.962 Thread 0x72e56980 DEOPT UNPACKING pc=0x03035587 sp=0x68babf48 mode 3
Event: 6021.963 Thread 0x72e56980 DEOPT PACKING pc=0x0411eddd sp=0x68bac000
Event: 6021.963 Thread 0x72e56980 DEOPT UNPACKING pc=0x03035587 sp=0x68babe8c mode 3
Event: 6021.964 Thread 0x72e56980 DEOPT PACKING pc=0x042c3293 sp=0x68babfd0
Event: 6021.964 Thread 0x72e56980 DEOPT UNPACKING pc=0x03035587 sp=0x68babe64 mode 3
Event: 6021.979 Thread 0x72e56980 DEOPT PACKING pc=0x04201453 sp=0x68bad140
Event: 6021.979 Thread 0x72e56980 DEOPT UNPACKING pc=0x03035587 sp=0x68bacfcc mode 3

Classes loaded (20 events):
Event: 5591.398 Loading class jdk/management/jfr/FlightRecorderMXBeanImpl$MXBeanListener
Event: 5591.398 Loading class jdk/jfr/FlightRecorderListener
Event: 5591.398 Loading class jdk/jfr/FlightRecorderListener done
Event: 5591.398 Loading class jdk/management/jfr/FlightRecorderMXBeanImpl$MXBeanListener done
Event: 5591.406 Loading class com/sun/jmx/mbeanserver/StandardMBeanSupport
Event: 5591.406 Loading class com/sun/jmx/mbeanserver/StandardMBeanSupport done
Event: 5591.406 Loading class com/sun/jmx/mbeanserver/StandardMBeanIntrospector
Event: 5591.407 Loading class com/sun/jmx/mbeanserver/StandardMBeanIntrospector done
Event: 5591.407 Loading class sun/reflect/misc/MethodUtil
Event: 5591.408 Loading class sun/reflect/misc/MethodUtil done
Event: 5591.408 Loading class sun/reflect/misc/MethodUtil$1
Event: 5591.408 Loading class sun/reflect/misc/MethodUtil$1 done
Event: 5591.497 Loading class java/nio/channels/Channels$WritableByteChannelImpl
Event: 5591.498 Loading class java/nio/channels/Channels$WritableByteChannelImpl done
Event: 5591.498 Loading class java/util/Collections$UnmodifiableSortedMap
Event: 5591.499 Loading class java/util/Collections$UnmodifiableSortedMap done
Event: 5593.709 Loading class java/util/IdentityHashMap$EntryIterator
Event: 5593.710 Loading class java/util/IdentityHashMap$EntryIterator done
Event: 5593.712 Loading class java/util/IdentityHashMap$EntryIterator$Entry
Event: 5593.713 Loading class java/util/IdentityHashMap$EntryIterator$Entry done

Classes unloaded (20 events):
Event: 5565.414 Thread 0x66013360 Unloading class 0x6ae50c00 'java/lang/invoke/LambdaForm$MH+0x6ae50c00'
Event: 5579.540 Thread 0x66013360 Unloading class 0x7aa99c18 'jdk/internal/reflect/GeneratedMethodAccessor374'
Event: 5579.540 Thread 0x66013360 Unloading class 0x7aa7e408 'jdk/internal/reflect/GeneratedSerializationConstructorAccessor188'
Event: 5579.540 Thread 0x66013360 Unloading class 0x7aa7dc08 'jdk/internal/reflect/GeneratedSerializationConstructorAccessor187'
Event: 5579.540 Thread 0x66013360 Unloading class 0x7aa7d408 'jdk/internal/reflect/GeneratedSerializationConstructorAccessor186'
Event: 5579.540 Thread 0x66013360 Unloading class 0x7aa7cc08 'jdk/internal/reflect/GeneratedSerializationConstructorAccessor185'
Event: 5579.540 Thread 0x66013360 Unloading class 0x7aa7c408 'jdk/internal/reflect/GeneratedSerializationConstructorAccessor184'
Event: 5579.540 Thread 0x66013360 Unloading class 0x7aa7bc08 'jdk/internal/reflect/GeneratedSerializationConstructorAccessor183'
Event: 5579.540 Thread 0x66013360 Unloading class 0x7a618c08 'jdk/internal/reflect/GeneratedSerializationConstructorAccessor182'
Event: 5579.540 Thread 0x66013360 Unloading class 0x7aa5c268 'jdk/internal/reflect/GeneratedMethodAccessor335'
Event: 5579.540 Thread 0x66013360 Unloading class 0x7aa0d418 'jdk/internal/reflect/GeneratedMethodAccessor186'
Event: 5579.540 Thread 0x66013360 Unloading class 0x7a6f2278 'jdk/internal/reflect/GeneratedMethodAccessor155'
Event: 5579.540 Thread 0x66013360 Unloading class 0x7a6f1c08 'jdk/internal/reflect/GeneratedSerializationConstructorAccessor168'
Event: 5579.540 Thread 0x66013360 Unloading class 0x7a6e7408 'jdk/internal/reflect/GeneratedSerializationConstructorAccessor164'
Event: 5579.540 Thread 0x66013360 Unloading class 0x7a6e6c08 'jdk/internal/reflect/GeneratedSerializationConstructorAccessor163'
Event: 5579.540 Thread 0x66013360 Unloading class 0x7a6e6408 'jdk/internal/reflect/GeneratedSerializationConstructorAccessor162'
Event: 5579.540 Thread 0x66013360 Unloading class 0x7a6e5c08 'jdk/internal/reflect/GeneratedSerializationConstructorAccessor161'
Event: 5579.540 Thread 0x66013360 Unloading class 0x7a6e5408 'jdk/internal/reflect/GeneratedSerializationConstructorAccessor160'
Event: 5579.540 Thread 0x66013360 Unloading class 0x7a6e4408 'jdk/internal/reflect/GeneratedSerializationConstructorAccessor158'
Event: 5579.540 Thread 0x66013360 Unloading class 0x7a298418 'jdk/internal/reflect/GeneratedMethodAccessor134'

Classes redefined (0 events):
No events

Internal exceptions (20 events):
Event: 5599.759 Thread 0x72b6c7e0 Exception <a 'sun/nio/fs/WindowsException'{0x077165d0}> (0x077165d0) 
thrown [s\src\hotspot\share\prims\jni.cpp, line 516]
Event: 5599.759 Thread 0x72b6c7e0 Exception <a 'sun/nio/fs/WindowsException'{0x07716f58}> (0x07716f58) 
thrown [s\src\hotspot\share\prims\jni.cpp, line 516]
Event: 5599.759 Thread 0x72b6c7e0 Exception <a 'sun/nio/fs/WindowsException'{0x077202d0}> (0x077202d0) 
thrown [s\src\hotspot\share\prims\jni.cpp, line 516]
Event: 5599.759 Thread 0x72b6c7e0 Exception <a 'sun/nio/fs/WindowsException'{0x077214c8}> (0x077214c8) 
thrown [s\src\hotspot\share\prims\jni.cpp, line 516]
Event: 5599.759 Thread 0x72b6c7e0 Exception <a 'sun/nio/fs/WindowsException'{0x07724300}> (0x07724300) 
thrown [s\src\hotspot\share\prims\jni.cpp, line 516]
Event: 6021.503 Thread 0x72e56980 Exception <a 'sun/nio/fs/WindowsException'{0x083b1828}> (0x083b1828) 
thrown [s\src\hotspot\share\prims\jni.cpp, line 516]
Event: 6021.503 Thread 0x72e56980 Exception <a 'sun/nio/fs/WindowsException'{0x083b29d0}> (0x083b29d0) 
thrown [s\src\hotspot\share\prims\jni.cpp, line 516]
Event: 6021.504 Thread 0x72e56980 Exception <a 'sun/nio/fs/WindowsException'{0x083b3b68}> (0x083b3b68) 
thrown [s\src\hotspot\share\prims\jni.cpp, line 516]
Event: 6021.504 Thread 0x72e56980 Exception <a 'sun/nio/fs/WindowsException'{0x083b4cf0}> (0x083b4cf0) 
thrown [s\src\hotspot\share\prims\jni.cpp, line 516]
Event: 6021.545 Thread 0x72e56980 Exception <a 'java/lang/NoSuchMethodError'{0x086451c0}: 'java.lang.Object java.lang.invoke.DelegatingMethodHandle$Holder.reinvoke_L(java.lang.Object, java.lang.Object, java.lang.Object, java.lang.Object, java.lang.Object, java.lang.Object, java.lang.Object, java.lang.Object, java.lang.Object, java.lang.Object, java.lang.Object, java.lang.Object, java.lang.Object, java.lang.Object, java.lang.Object, java.lang.Object, java.lang.Object, java.lang.Object, java.lang.Object, java.lang.Object, java.lang.Object, j
Event: 6021.825 Thread 0x72e56980 Exception <a 'java/lang/NoClassDefFoundError'{0x09bacd58}: org/jetbrains/kotlin/gradle/plugin/KotlinBasePluginWrapper> (0x09bacd58) 
thrown [s\src\hotspot\share\oops\constantPool.cpp, line 837]
Event: 6021.827 Thread 0x72e56980 Exception <a 'java/lang/NoClassDefFoundError'{0x09bc5668}: org/jetbrains/kotlin/gradle/plugin/KotlinBasePluginWrapper> (0x09bc5668) 
thrown [s\src\hotspot\share\oops\constantPool.cpp, line 837]
Event: 6021.829 Thread 0x72e56980 Exception <a 'java/lang/NoClassDefFoundError'{0x09bdc350}: org/jetbrains/kotlin/gradle/plugin/KotlinBasePluginWrapper> (0x09bdc350) 
thrown [s\src\hotspot\share\oops\constantPool.cpp, line 837]
Event: 6021.831 Thread 0x72e56980 Exception <a 'java/lang/NoClassDefFoundError'{0x09bec448}: org/jetbrains/kotlin/gradle/plugin/KotlinBasePluginWrapper> (0x09bec448) 
thrown [s\src\hotspot\share\oops\constantPool.cpp, line 837]
Event: 6021.833 Thread 0x72e56980 Exception <a 'java/lang/NoClassDefFoundError'{0x09c03f90}: org/jetbrains/kotlin/gradle/plugin/KotlinBasePluginWrapper> (0x09c03f90) 
thrown [s\src\hotspot\share\oops\constantPool.cpp, line 837]
Event: 6021.916 Thread 0x72e56980 Exception <a 'java/lang/NoClassDefFoundError'{0x0a3c5d50}: org/jetbrains/kotlin/gradle/plugin/KotlinBasePluginWrapper> (0x0a3c5d50) 
thrown [s\src\hotspot\share\oops\constantPool.cpp, line 837]
Event: 6021.958 Thread 0x72e56980 Exception <a 'sun/nio/fs/WindowsException'{0x0a63ab90}> (0x0a63ab90) 
thrown [s\src\hotspot\share\prims\jni.cpp, line 516]
Event: 6021.958 Thread 0x72e56980 Exception <a 'sun/nio/fs/WindowsException'{0x0a63bbf8}> (0x0a63bbf8) 
thrown [s\src\hotspot\share\prims\jni.cpp, line 516]
Event: 6021.958 Thread 0x72e56980 Exception <a 'sun/nio/fs/WindowsException'{0x0a63ccb0}> (0x0a63ccb0) 
thrown [s\src\hotspot\share\prims\jni.cpp, line 516]
Event: 6021.958 Thread 0x72e56980 Exception <a 'sun/nio/fs/WindowsException'{0x0a63dd68}> (0x0a63dd68) 
thrown [s\src\hotspot\share\prims\jni.cpp, line 516]

VM Operations (20 events):
Event: 5665.598 Executing VM operation: Cleanup
Event: 5665.598 Executing VM operation: Cleanup done
Event: 5673.602 Executing VM operation: Cleanup
Event: 5673.602 Executing VM operation: Cleanup done
Event: 5743.635 Executing VM operation: Cleanup
Event: 5743.635 Executing VM operation: Cleanup done
Event: 5753.642 Executing VM operation: Cleanup
Event: 5753.642 Executing VM operation: Cleanup done
Event: 5793.664 Executing VM operation: Cleanup
Event: 5793.664 Executing VM operation: Cleanup done
Event: 5803.669 Executing VM operation: Cleanup
Event: 5803.669 Executing VM operation: Cleanup done
Event: 5933.739 Executing VM operation: Cleanup
Event: 5933.739 Executing VM operation: Cleanup done
Event: 5959.750 Executing VM operation: Cleanup
Event: 5959.751 Executing VM operation: Cleanup done
Event: 6003.771 Executing VM operation: Cleanup
Event: 6003.771 Executing VM operation: Cleanup done
Event: 6021.779 Executing VM operation: Cleanup
Event: 6021.780 Executing VM operation: Cleanup done

Memory protections (0 events):
No events

Nmethod flushes (20 events):
Event: 5591.603 Thread 0x660438b8 flushing  nmethod 0x041d0e88
Event: 5591.603 Thread 0x660438b8 flushing  nmethod 0x041d1188
Event: 5591.603 Thread 0x660438b8 flushing  nmethod 0x041eda48
Event: 5591.603 Thread 0x660438b8 flushing  nmethod 0x04264008
Event: 5591.604 Thread 0x660438b8 flushing  nmethod 0x04297608
Event: 5591.604 Thread 0x660438b8 flushing  nmethod 0x04298348
Event: 5591.604 Thread 0x660438b8 flushing  nmethod 0x04298648
Event: 5591.604 Thread 0x660438b8 flushing  nmethod 0x04299d08
Event: 5591.604 Thread 0x660438b8 flushing  nmethod 0x042a0688
Event: 5591.604 Thread 0x660438b8 flushing  nmethod 0x042a1a88
Event: 5591.604 Thread 0x660438b8 flushing  nmethod 0x042a5908
Event: 5591.604 Thread 0x660438b8 flushing  nmethod 0x042adac8
Event: 5591.604 Thread 0x660438b8 flushing  nmethod 0x042ade88
Event: 5591.604 Thread 0x660438b8 flushing  nmethod 0x042c2e08
Event: 5591.604 Thread 0x660438b8 flushing  nmethod 0x042cae48
Event: 5595.890 Thread 0x660438b8 flushing  nmethod 0x0397d8c8
Event: 5595.890 Thread 0x660438b8 flushing  nmethod 0x03ab59c8
Event: 5595.895 Thread 0x660438b8 flushing  nmethod 0x041ebf48
Event: 5595.895 Thread 0x660438b8 flushing  nmethod 0x041ee1c8
Event: 5595.895 Thread 0x660438b8 flushing  nmethod 0x041efec8

Events (20 events):
Event: 6019.535 Thread 0x72fc62f8 Thread exited: 0x72fc62f8
Event: 6021.380 Thread 0x6612bd88 Thread added: 0x724416b0
Event: 6021.380 Thread 0x724416b0 Thread added: 0x72441388
Event: 6021.430 Thread 0x724416b0 Thread added: 0x72e56008
Event: 6021.433 Thread 0x724416b0 Thread added: 0x72e56980
Event: 6021.437 Thread 0x72e56980 Thread added: 0x72e55368
Event: 6021.438 Thread 0x72e56980 Thread added: 0x72e56ca8
Event: 6021.438 Thread 0x72e56980 Thread added: 0x72e55690
Event: 6021.466 Thread 0x72e56980 Thread added: 0x72e559b8
Event: 6021.490 Thread 0x72e56980 Thread added: 0x72e55ce0
Event: 6021.494 Thread 0x72e56980 Thread added: 0x72e56330
Event: 6021.495 Thread 0x72e56980 Thread added: 0x72e56658
Event: 6021.543 Thread 0x72e56980 Thread added: 0x683d4c10
Event: 6021.688 Thread 0x72e56980 Thread added: 0x683d2c80
Event: 6021.688 Thread 0x72e56980 Thread added: 0x683d3c48
Event: 6021.688 Thread 0x72e56980 Thread added: 0x72441d00
Event: 6021.688 Thread 0x72e56980 Thread added: 0x72e825e0
Event: 6021.688 Thread 0x72e56980 Thread added: 0x72e81f90
Event: 6021.688 Thread 0x72e56980 Thread added: 0x72e83280
Event: 6021.688 Thread 0x72e56980 Thread added: 0x72e82908


Dynamic libraries:
0x00e90000 - 0x00e9c000 	C:\Program Files (x86)\Zulu\zulu-17\bin\java.exe
0x776e0000 - 0x7789f000 	C:\WINDOWS\SYSTEM32\ntdll.dll
0x76ea0000 - 0x76f90000 	C:\WINDOWS\System32\KERNEL32.DLL
0x76bc0000 - 0x76e92000 	C:\WINDOWS\System32\KERNELBASE.dll
0x6e910000 - 0x6e9be000 	C:\WINDOWS\SYSTEM32\apphelp.dll
0x76440000 - 0x76550000 	C:\WINDOWS\System32\ucrtbase.dll
0x6fff0000 - 0x70006000 	C:\Program Files (x86)\Zulu\zulu-17\bin\jli.dll
0x6ffd0000 - 0x6ffe5000 	C:\Program Files (x86)\Zulu\zulu-17\bin\VCRUNTIME140.dll
0x75200000 - 0x753d5000 	C:\WINDOWS\System32\USER32.dll
0x6f4f0000 - 0x6f719000 	C:\WINDOWS\WinSxS\x86_microsoft.windows.common-controls_6595b64144ccf1df_6.0.26100.8521_none_85b5ee33f7b02cb9\COMCTL32.dll
0x75cd0000 - 0x75cec000 	C:\WINDOWS\System32\win32u.dll
0x771c0000 - 0x77287000 	C:\WINDOWS\System32\msvcrt.dll
0x77540000 - 0x77562000 	C:\WINDOWS\System32\GDI32.dll
0x75e10000 - 0x75efb000 	C:\WINDOWS\System32\gdi32full.dll
0x759a0000 - 0x75a25000 	C:\WINDOWS\System32\msvcp_win.dll
0x75670000 - 0x75695000 	C:\WINDOWS\System32\IMM32.DLL
0x6ff60000 - 0x6ffcd000 	C:\Program Files (x86)\Zulu\zulu-17\bin\msvcp140.dll
0x6b6b0000 - 0x6bbe8000 	C:\Program Files (x86)\Zulu\zulu-17\bin\client\jvm.dll
0x75910000 - 0x75992000 	C:\WINDOWS\System32\ADVAPI32.dll
0x75ab0000 - 0x75b36000 	C:\WINDOWS\System32\sechost.dll
0x76fa0000 - 0x7705c000 	C:\WINDOWS\System32\RPCRT4.dll
0x77150000 - 0x771b9000 	C:\WINDOWS\System32\WS2_32.dll
0x6edd0000 - 0x6ee25000 	C:\WINDOWS\SYSTEM32\POWRPROF.dll
0x74070000 - 0x740a3000 	C:\WINDOWS\SYSTEM32\WINMM.dll
0x72370000 - 0x72378000 	C:\WINDOWS\SYSTEM32\VERSION.dll
0x6f160000 - 0x6f16e000 	C:\WINDOWS\SYSTEM32\UMPDC.dll
0x73380000 - 0x73395000 	C:\WINDOWS\SYSTEM32\kernel.appcore.dll
0x6ff50000 - 0x6ff59000 	C:\Program Files (x86)\Zulu\zulu-17\bin\jimage.dll
0x734a0000 - 0x73680000 	C:\WINDOWS\SYSTEM32\DBGHELP.DLL
0x772a0000 - 0x77533000 	C:\WINDOWS\System32\combase.dll
0x75850000 - 0x758ef000 	C:\WINDOWS\System32\OLEAUT32.dll
0x73440000 - 0x73470000 	C:\WINDOWS\SYSTEM32\dbgcore.DLL
0x75a30000 - 0x75aa7000 	C:\WINDOWS\System32\bcryptPrimitives.dll
0x6fe40000 - 0x6fe4d000 	C:\Program Files (x86)\Zulu\zulu-17\bin\instrument.dll
0x6ff20000 - 0x6ff41000 	C:\Program Files (x86)\Zulu\zulu-17\bin\java.dll
0x76560000 - 0x76bb5000 	C:\WINDOWS\System32\SHELL32.dll
0x73700000 - 0x73df8000 	C:\WINDOWS\SYSTEM32\windows.storage.dll
0x76360000 - 0x76431000 	C:\WINDOWS\System32\SHCORE.dll
0x756c0000 - 0x75712000 	C:\WINDOWS\System32\shlwapi.dll
0x73480000 - 0x7349d000 	C:\WINDOWS\SYSTEM32\profapi.dll
0x6fec0000 - 0x6fed6000 	C:\Program Files (x86)\Zulu\zulu-17\bin\zip.dll
0x6ff00000 - 0x6ff14000 	C:\Program Files (x86)\Zulu\zulu-17\bin\net.dll
0x73ef0000 - 0x73fd6000 	C:\WINDOWS\SYSTEM32\WINHTTP.dll
0x73e00000 - 0x73e54000 	C:\WINDOWS\system32\mswsock.dll
0x6fee0000 - 0x6fef2000 	C:\Program Files (x86)\Zulu\zulu-17\bin\nio.dll
0x6feb0000 - 0x6febd000 	C:\Program Files (x86)\Zulu\zulu-17\bin\verify.dll
0x6fe90000 - 0x6feb0000 	C:\Users\user\.gradle\native\c067742578af261105cb4f569cf0c3c89f3d7b1fecec35dd04571415982c5e48\windows-i386\native-platform.dll
0x6fb10000 - 0x6fc00000 	C:\Users\user\.gradle\native\38dada09dfb8b06ba9b0570ebf7e218e3eb74d4ef43ca46872605cf95ebc2f47\windows-i386\native-platform-file-events.dll
0x6fe70000 - 0x6fe78000 	C:\Program Files (x86)\Zulu\zulu-17\bin\management.dll
0x6fe60000 - 0x6fe69000 	C:\Program Files (x86)\Zulu\zulu-17\bin\management_ext.dll
0x75900000 - 0x75906000 	C:\WINDOWS\System32\PSAPI.DLL
0x736e0000 - 0x736f4000 	C:\WINDOWS\SYSTEM32\CRYPTSP.dll
0x736a0000 - 0x736d2000 	C:\WINDOWS\system32\rsaenh.dll
0x74b30000 - 0x74b58000 	C:\WINDOWS\SYSTEM32\USERENV.dll
0x74030000 - 0x7404c000 	C:\WINDOWS\SYSTEM32\bcrypt.dll
0x73690000 - 0x7369a000 	C:\WINDOWS\SYSTEM32\CRYPTBASE.dll
0x74b00000 - 0x74b26000 	C:\WINDOWS\SYSTEM32\IPHLPAPI.DLL
0x77290000 - 0x77297000 	C:\WINDOWS\System32\NSI.dll
0x73e80000 - 0x73e97000 	C:\WINDOWS\SYSTEM32\dhcpcsvc6.DLL
0x73e60000 - 0x73e7b000 	C:\WINDOWS\SYSTEM32\dhcpcsvc.DLL
0x749f0000 - 0x74af0000 	C:\WINDOWS\SYSTEM32\DNSAPI.dll
0x749e0000 - 0x749ea000 	C:\WINDOWS\SYSTEM32\DSPARSE.dll
0x6fe50000 - 0x6fe56000 	C:\Program Files (x86)\Zulu\zulu-17\bin\extnet.dll
0x6fe30000 - 0x6fe3b000 	C:\Program Files (x86)\Zulu\zulu-17\bin\sunmscapi.dll
0x75560000 - 0x75669000 	C:\WINDOWS\System32\CRYPT32.dll
0x6be30000 - 0x6be58000 	C:\WINDOWS\SYSTEM32\ncrypt.dll
0x6be00000 - 0x6be28000 	C:\WINDOWS\SYSTEM32\NTASN1.dll
0x6fe20000 - 0x6fe27000 	C:\WINDOWS\system32\wshunix.dll
0x733a0000 - 0x733c9000 	C:\WINDOWS\SYSTEM32\ntmarta.dll
0x6ef00000 - 0x6ef08000 	C:\Windows\System32\rasadhlp.dll
0x74970000 - 0x749d2000 	C:\WINDOWS\System32\fwpuclnt.dll

dbghelp: loaded successfully - version: 4.0.5 - missing functions: none
symbol engine: initialized successfully - sym options: 0x614 - pdb path: .;C:\Program Files (x86)\Zulu\zulu-17\bin;C:\WINDOWS\SYSTEM32;C:\WINDOWS\WinSxS\x86_microsoft.windows.common-controls_6595b64144ccf1df_6.0.26100.8521_none_85b5ee33f7b02cb9;C:\Program Files (x86)\Zulu\zulu-17\bin\client;C:\Users\user\.gradle\native\c067742578af261105cb4f569cf0c3c89f3d7b1fecec35dd04571415982c5e48\windows-i386;C:\Users\user\.gradle\native\38dada09dfb8b06ba9b0570ebf7e218e3eb74d4ef43ca46872605cf95ebc2f47\windows-i386

VM Arguments:
jvm_args: --add-opens=java.base/java.util=ALL-UNNAMED --add-opens=java.base/java.lang=ALL-UNNAMED --add-opens=java.base/java.lang.invoke=ALL-UNNAMED --add-opens=java.prefs/java.util.prefs=ALL-UNNAMED --add-opens=java.base/java.nio.charset=ALL-UNNAMED --add-opens=java.base/java.net=ALL-UNNAMED --add-opens=java.base/java.util.concurrent.atomic=ALL-UNNAMED -Xmx1536m -Dfile.encoding=windows-1252 -Duser.country=US -Duser.language=en -Duser.variant -javaagent:C:\Users\user\.gradle\wrapper\dists\gradle-8.7-bin\bhs2wmbdwecv87pi65oeuq5iu\gradle-8.7\lib\agents\gradle-instrumentation-agent-8.7.jar 
java_command: org.gradle.launcher.daemon.bootstrap.GradleDaemon 8.7
java_class_path (initial): C:\Users\user\.gradle\wrapper\dists\gradle-8.7-bin\bhs2wmbdwecv87pi65oeuq5iu\gradle-8.7\lib\gradle-launcher-8.7.jar
Launcher Type: SUN_STANDARD

[Global flags]
     intx CICompilerCount                          = 1                                         {product} {ergonomic}
    uintx CodeCacheExpansionSize                   = 32768                                  {pd product} {ergonomic}
    uintx InitialCodeCacheSize                     = 163840                                 {pd product} {ergonomic}
   size_t InitialHeapSize                          = 16777216                                  {product} {ergonomic}
   size_t MaxHeapSize                              = 1610612736                                {product} {command line}
   size_t MaxNewSize                               = 536870912                                 {product} {ergonomic}
   size_t MinHeapDeltaBytes                        = 131072                                    {product} {ergonomic}
   size_t MinHeapSize                              = 6291456                                   {product} {ergonomic}
     bool NeverActAsServerClassMachine             = true                                   {pd product} {ergonomic}
   size_t NewSize                                  = 5570560                                   {product} {ergonomic}
    uintx NonNMethodCodeHeapSize                   = 5242880                                {pd product} {ergonomic}
    uintx NonProfiledCodeHeapSize                  = 0                                      {pd product} {ergonomic}
   size_t OldSize                                  = 11206656                                  {product} {ergonomic}
     bool ProfileInterpreter                       = false                                  {pd product} {ergonomic}
    uintx ProfiledCodeHeapSize                     = 0                                      {pd product} {ergonomic}
    uintx ReservedCodeCacheSize                    = 33554432                               {pd product} {ergonomic}
   size_t SoftMaxHeapSize                          = 1610612736                             {manageable} {ergonomic}
     bool UseLargePagesIndividualAllocation        = false                                  {pd product} {ergonomic}
     bool UseSerialGC                              = true                                      {product} {ergonomic}

Logging:
Log output configuration:
 #0: stdout all=warning uptime,level,tags
 #1: stderr all=off uptime,level,tags

Environment Variables:
CLASSPATH=E:\proyek\c++\th06-android\th06\android\\gradle\wrapper\gradle-wrapper.jar
PATH=C:\Program Files (x86)\VMware\VMware Workstation\bin\;C:\Program Files (x86)\Zulu\zulu-17\bin\;C:\Program Files\Common Files\Oracle\Java\javapath;C:\Program Files (x86)\Common Files\Oracle\Java\javapath;C:\WINDOWS\system32;C:\WINDOWS;C:\WINDOWS\System32\Wbem;C:\WINDOWS\System32\WindowsPowerShell\v1.0\;C:\WINDOWS\System32\OpenSSH\;C:\Program Files\nodejs\;C:\Program Files\Git\cmd;C:\Program Files (x86)\PuTTY\;C:\Program Files\dotnet\;C:\Program Files (x86)\Windows Kits\10\Windows Performance Toolkit\;C:\Program Files\Go\bin;C:\xampp\php;C:\ProgramData\ComposerSetup\bin;C:\Program Files\WireGuard\;C:\Program Files (x86)\Bitvise SSH Client;C:\Program Files\CMake\bin;C:\Users\user\AppData\Local\Microsoft\WindowsApps;C:\Users\user\AppData\Roaming\npm;C:\Users\user\.dotnet\tools;C:\Users\user\go\bin;C:\Users\user\AppData\Local\Programs\Microsoft VS Code\bin;C:\Users\user\AppData\Roaming\Composer\vendor\bin;C:\Users\user\AppData\Local\Python\bin;C:\Users\user\AppData\Local\Microsoft\WinGet\Packages\Gyan.FFmpeg_Microsoft.Winget.Source_8wekyb3d8bbwe\ffmpeg-8.0-full_build\bin;E:\library\tasm\BIN;C:\Users\user\AppData\Local\Microsoft\WinGet\Packages\Ninja-build.Ninja_Microsoft.Winget.Source_8wekyb3d8bbwe;
USERNAME=user
OS=Windows_NT
PROCESSOR_IDENTIFIER=Intel64 Family 6 Model 142 Stepping 12, GenuineIntel
TMP=C:\Users\user\AppData\Local\Temp
TEMP=C:\Users\user\AppData\Local\Temp



Periodic native trim disabled


---------------  S Y S T E M  ---------------

OS:
 Windows 11 , 64 bit Build 26100 (10.0.26100.8521)
OS uptime: 0 days 2:25 hours

CPU: total 8 (initial active 8) (4 cores per cpu, 2 threads per core) family 6 model 142 stepping 12 microcode 0xf8, cx8, cmov, fxsr, ht, mmx, 3dnowpref, sse, sse2, sse3, ssse3, sse4.1, sse4.2, popcnt, lzcnt, tsc, tscinvbit, avx, avx2, aes, erms, clmul, bmi1, bmi2, adx, fma, vzeroupper, clflush, clflushopt
Processor Information for all 8 processors :
  Max Mhz: 2112, Current Mhz: 1910, Mhz Limit: 1900

Memory: 4k page, system-wide physical 16058M (1923M free)
TotalPageFile size 17210M (AvailPageFile size 1187M), user-mode portion of virtual address-space 2047M (127M free)
current process WorkingSet (physical memory assigned to process): 688M, peak: 726M
current process commit charge ("private bytes"): 721M, peak: 767M

vm_info: OpenJDK Client VM (17.0.17+10-LTS) for windows-x86 JRE (17.0.17+10-LTS) (Zulu17.62+17-CA), built on Oct  4 2025 14:55:41 by "zulu_re" with MS VC++ 16.10 / 16.11 (VS2019)

END.
